id,path,target
gid://shopify/UrlRedirect/844624363853,/collections/forbaby2,/collections/forbaby
gid://shopify/UrlRedirect/882322702669,/collections/na-wypis,/collections/oslonki-laktacyjne
gid://shopify/UrlRedirect/1023463883085,/products/avent-zestaw-scy900-01-responsywna-1,/products/avent-zestaw-butelka-niemowlat-125-ml-smoczek-uspokajajacy
gid://shopify/UrlRedirect/1023463915853,/products/avent-zestaw-scy900-01-responsywna-2,/products/avent-zestaw-butelka-niemowlat-125-ml-smoczek-uspokajajacy-2
gid://shopify/UrlRedirect/1023463948621,/products/torba-do-szpitala-1,/products/torba-do-szpitala-03
gid://shopify/UrlRedirect/1023463981389,/products/torba-do-szpitala-2,/products/torba-do-szpitala-02
gid://shopify/UrlRedirect/1023464014157,/products/torba-do-szpitala-3,/products/torba-do-szpitala-01
gid://shopify/UrlRedirect/1023464046925,/products/klapki-damskie-bialy-1,/products/klapki-damskie-zolty
gid://shopify/UrlRedirect/1023464079693,/products/klapki-damskie-rozowy-1,/products/klapki-damskie-rozowy
gid://shopify/UrlRedirect/1023464112461,/products/bibs-50171216-butelka-silikon-sredni-przeplyw-270-ml-kosc-sloniowa-copy,/products/bibs-butelka-silikon-sredni-przeplyw-270-ml-kosc
gid://shopify/UrlRedirect/1023464145229,/products/podstawowy-md,/products/torba-do-szpitala-mamy-noworodka-gotowa-wyprawka-podstawowa
gid://shopify/UrlRedirect/1023464177997,/products/podstawowy-md-2,/products/torba-do-szpitala-mamy-noworodka-gotowa-wyprawka-kompletna
gid://shopify/UrlRedirect/1023464243533,/products/torba-do-szpitala-dla-noworodka-gotowa-wyprawka-premium-1,/products/torba-do-szpitala-noworodka-gotowa-wyprawka-rozszerzona
gid://shopify/UrlRedirect/1023464276301,/products/torba-do-szpitala-dla-noworodka-gotowa-wyprawka-premium-2,/products/torba-do-szpitala-noworodka-gotowa-wyprawka-kompletna
gid://shopify/UrlRedirect/1023464309069,/products/podstawowy-md-1,/products/torba-do-szpitala-mamy-noworodka-gotowa-wyprawka-rozszerzona
gid://shopify/UrlRedirect/1023464341837,/products/bibs-1001000250-smoczek-anatomiczny-kauczuk-0-szalwia-1-szt-copy,/products/bibs-smoczek-kauczuk-szalwia
gid://shopify/UrlRedirect/1023464374605,/products/b-o-1673-01-kocyk-bambusowy-dzianina-rozowy-copy,/products/b-o-kocyk-bambusowy-dzianina
gid://shopify/UrlRedirect/1023464407373,/products/rozek-niemowlecy-muslinowy-75x75-cm-z-kokarda-bawelna-copy,/products/rozek-niemowlecy-muslinowy-75-x-cm-kokarda-bawelna
gid://shopify/UrlRedirect/1023464440141,/products/bibs-liberty-smoczek-uspokajajacy-2-pak-latex-rozowy-copy,/products/bibs-studio-smoczek-uspokajajacy-2-pak-latex-baby
gid://shopify/UrlRedirect/1023464472909,/products/pikowana-torba-do-szpitala-z-niedzwiedziem-rozmiar-l-copy,/products/pikowana-torba-do-szpitala-motywem-gwiazdek-ksiezyca-l
gid://shopify/UrlRedirect/1023464505677,/products/organizer-na-pieluchy-i-akcesoria-pleciony-3-przegrody-uchwyty-copy,/products/organizer-akcesoria-niemowlece-w-stylu-boho
gid://shopify/UrlRedirect/1023464538445,/products/pikowana-torba-do-szpitala-z-niedzwiedziem-rozmiar-l-copy-1,/products/pikowana-torba-mamy-niemowlecia-mleczna-motywem-misiow
gid://shopify/UrlRedirect/1023464571213,/products/dada-extra-care-pieluszki-jednorazowe-rozm-1-2-5-kg-26-szt-copy,/products/huggies-extra-care-pieluszki-jednorazowe-1-25-kg
gid://shopify/UrlRedirect/1023465423181,/products/bundle-product-14,/products/torba-do-szpitala-mamy-gotowa-wyprawka-rozszerzona
gid://shopify/UrlRedirect/1023465455949,/products/bundle-product-15,/products/torba-do-szpitala-mamy-gotowa-wyprawka-kompletna
gid://shopify/UrlRedirect/1023465488717,/products/bundle-product-16,/products/torba-do-szpitala-mamy-gotowa-wyprawka-premium
gid://shopify/UrlRedirect/1023465521485,/products/bundle-product-13,/products/torba-do-szpitala-mamy-gotowa-wyprawka-podstawowa
gid://shopify/UrlRedirect/1023465554253,/products/bundle-product-21,/products/torba-do-szpitala-noworodka-gotowa-wyprawka-premium
