title,handle,seo_title,seo_description,products_count,description_chars,has_visible_heading,has_centered_style,has_parent_override,encoding_ok
Akcesoria dla mamy,akcesoria-dla-mam,Akcesoria dla mamy do szpitala | MamaPack,"Teczki na dokumenty, gumki do włosów i małe butelki podróżne dla mamy do szpitala i codziennej organizacji.",3,438,True,True,True,True
Akcesoria do paznokci dla niemowląt,akcesoria-do-paznokci-dla-niemowlat,Akcesoria do paznokci dla niemowląt | MamaPack,"Nożyczki, cążki i zestawy manicure dla niemowląt. Bezpieczne akcesoria do delikatnej pielęgnacji paznokci dziecka.",10,426,True,True,True,True
Biustonosze do karmienia,biustonosze-do-karmienia,Biustonosze do karmienia | MamaPack,Biustonosze i topy do karmienia dla mamy. Wygodne podtrzymanie biustu i szybki dostęp podczas laktacji.,3,405,True,True,True,True
Butelki i akcesoria do karmienia,butelki-i-akcesoria-do-karmienia,Butelki i akcesoria do karmienia | MamaPack,"Butelki antykolkowe, smoczki do butelek i szczotki do czyszczenia. Wybierz akcesoria do karmienia niemowląt.",17,416,True,True,True,True
Chusteczki nawilżane dla niemowląt,chusteczki-nawilzane-dla-niemowlat,Chusteczki nawilżane dla niemowląt | MamaPack,"Chusteczki wodne, pielęgnacyjne i bambusowe ręczniki dla niemowląt. Delikatne produkty do szybkiej higieny dziecka.",11,393,True,True,True,True
Dla dziecka,dla-dziecka,Produkty dla dziecka i noworodka | MamaPack,"Produkty dla dziecka: higiena, kąpiel, pielęgnacja, karmienie i akcesoria dla noworodka od pierwszych dni.",216,420,True,True,True,True
Dla mamy,dla-mamy,Produkty dla mamy do szpitala i po porodzie | MamaPack,"Produkty dla mamy: higiena poporodowa, laktacja, odzież, kosmetyki i akcesoria przydatne w szpitalu oraz w domu.",100,413,True,True,True,True
Gotowe torby do szpitala,gotowe-torby-do-szpitala,Gotowe torby do szpitala dla mamy i dziecka | MamaPack,"Gotowe torby do szpitala dla mamy, noworodka lub mamy i dziecka. Wybierz wyprawkę podstawową, rozszerzoną albo premium.",12,430,True,True,True,True
Higiena intymna po porodzie,higiena-intymna-po-porodzie,Higiena intymna po porodzie | MamaPack,"Płyny, chusteczki, butelki peri i kompresy do higieny intymnej po porodzie. Delikatna pielęgnacja w połogu.",8,408,True,True,True,True
Klapki i skarpetki dla mamy,klapki-i-skarpetki-dla-mamy,Klapki i skarpetki dla mamy do szpitala | MamaPack,Gumowe klapki pod prysznic i wygodne skarpetki dla mamy. Praktyczne dodatki do torby do szpitala.,7,413,True,True,True,True
Kosmetyki dla mamy,kosmetyki-dla-mamy,Kosmetyki dla mamy | MamaPack,"Kosmetyki dla mamy: szampony, odżywki, antyperspiranty, pomadki i kremy do pielęgnacji w czasie macierzyństwa.",6,390,True,True,True,True
Koszule do karmienia,koszule-do-karmienia,Koszule do karmienia i porodu | MamaPack,"Wygodne koszule do karmienia i porodu Doctor Nap. Luźne fasony, miękkie materiały i praktyczny dostęp do piersi.",10,384,True,True,True,True
Kremy i pudry pod pieluchę,kremy-i-pudry-pod-pieluche,Kremy i pudry pod pieluchę | MamaPack,"Kremy, maści i pudry pod pieluchę dla niemowląt. Ochrona skóry przed wilgocią, otarciami i odparzeniami.",5,398,True,True,True,True
"Kremy, mleczka i olejki dla dzieci",kremy-mleczka-olejki-dla-dzieci,"Kremy, mleczka i olejki dla dzieci | MamaPack","Kremy, balsamy, mleczka i oliwki dla niemowląt. Delikatna ochrona i nawilżanie skóry dziecka od pierwszych dni.",9,390,True,True,True,True
Laktatory,laktatory,Laktatory ręczne i kolektory mleka | MamaPack,Laktatory ręczne i kolektory mleka dla mamy karmiącej. Wygodne wsparcie przy odciąganiu i przechowywaniu mleka.,3,399,True,True,True,True
Leżaczki i foteliki do kąpieli,lezaczki-i-foteliki-do-kapieli,Leżaczki i foteliki do kąpieli | MamaPack,"Leżaczki kąpielowe, foteliki, podnóżki i akcesoria Tega Baby do wygodniejszej kąpieli dziecka.",14,416,True,True,True,True
Majtki poporodowe,majtki-poporodowe,Majtki poporodowe jednorazowe i siateczkowe | MamaPack,"Majtki poporodowe jednorazowe, siateczkowe i wielorazowe. Komfortowe mocowanie wkładek po porodzie.",8,381,True,True,True,True
Osłonki laktacyjne,oslonki-laktacyjne,Osłonki laktacyjne silikonowe | MamaPack,Silikonowe osłonki laktacyjne do karmienia piersią. Pomoc przy bolesnych brodawkach i trudnościach z przystawieniem.,4,385,True,True,True,True
Pielęgnacja piersi i lanolina,pielegnacja-piersi-lanolina,Pielęgnacja piersi i lanolina po porodzie | MamaPack,"Lanolina, kremy, kompresy i chusteczki do pielęgnacji piersi podczas karmienia. Wsparcie dla brodawek po porodzie.",8,397,True,True,True,True
Pieluszki jednorazowe,pieluszki-jednorazowe,Pieluszki jednorazowe dla noworodka | MamaPack,"Pieluszki jednorazowe dla noworodków i wcześniaków: rozmiary 0, 1, S i M. Wybierz pieluszki na pierwsze dni.",7,383,True,True,True,True
Pieluszki tkaninowe,pieluszki-tkaninowe,Pieluszki tkaninowe dla niemowląt | MamaPack,"Pieluszki tetrowe, muślinowe, flanelowe i bambusowe. Miękkie pieluszki wielorazowe do pielęgnacji dziecka.",21,407,True,True,True,True
Podkłady higieniczne,podklady-higieniczne,Podkłady higieniczne i do przewijania | MamaPack,"Podkłady higieniczne jednorazowe dla mamy i dziecka. Ochrona łóżka, pościeli i przewijaka przed zabrudzeniami.",8,401,True,True,True,True
Podpaski poporodowe,podpaski-poporodowe,Podpaski i podkłady poporodowe | MamaPack,"Podpaski poporodowe, podkłady poporodowe i wkładki po porodzie. Wysoka chłonność na pierwsze dni połogu.",9,410,True,True,True,True
Produkty papierowe,produkty-papierowe,Produkty papierowe i jednorazowe | MamaPack,"Produkty papierowe do szpitala i domu: papier, chusteczki, jednorazowe ręczniki i nakładki na toaletę.",7,401,True,True,True,True
Puste torby i organizery,puste-torby-i-organizery,Puste torby do szpitala i organizery | MamaPack,"Puste torby do szpitala, torby dla mamy, organizery i przezroczyste kosmetyczki do samodzielnego pakowania wyprawki.",16,421,True,True,True,True
Płatki i patyczki kosmetyczne,platki-i-patyczki-kosmetyczne,Płatki i patyczki kosmetyczne dla niemowląt | MamaPack,"Płatki bawełniane, patyczki higieniczne i waciki dla niemowląt. Delikatna pielęgnacja buzi, uszu i pępka.",7,413,True,True,True,True
Płyny do mycia smoczków i butelek,plyny-do-mycia-smoczkow-i-butelek,Płyny do mycia smoczków i butelek | MamaPack,"Delikatne płyny do mycia butelek, smoczków i akcesoriów dziecięcych. Higiena karmienia od pierwszych dni.",1,405,True,True,True,True
Razem taniej,razem-taniej,Razem taniej - zestawy promocyjne | MamaPack,"Zestawy promocyjne MamaPack w lepszej cenie niż osobno. Sprawdź pakiety produktów do pielęgnacji, higieny i codziennych zakupów.",4,484,True,True,True,True
Ręczniki do kąpieli,reczniki-do-kapieli,Ręczniki do kąpieli dla niemowląt | MamaPack,"Ręczniki kąpielowe i okrycia z kapturkiem dla niemowląt. Miękkie, chłonne tekstylia po kąpieli dziecka.",11,381,True,True,True,True
Rożki i kocyki dla niemowląt,rozki-i-kocyki-dla-niemowlat,Rożki i kocyki dla niemowląt | MamaPack,"Rożki niemowlęce, kocyki bambusowe i bawełniane. Miękkie otulenie dla dziecka od pierwszych dni.",21,400,True,True,True,True
Smoczki,smoczki,Smoczki uspokajające dla niemowląt | MamaPack,Smoczki uspokajające silikonowe i symetryczne dla niemowląt. Wybierz smoczek dopasowany do wieku dziecka.,32,382,True,True,True,True
Sól fizjologiczna i aspiratory do nosa,sol-fizjologiczna-aspiratory-do-nosa,Sól fizjologiczna i aspiratory do nosa | MamaPack,"Sól fizjologiczna, ampułki i aspiratory do nosa dla niemowląt. Delikatne oczyszczanie noska i okolic oczu.",2,393,True,True,True,True
Szczotki i grzebienie dla niemowląt,szczotki-i-grzebienie-dla-niemowlat,Szczotki i grzebienie dla niemowląt | MamaPack,Miękkie szczotki i grzebienie dla niemowląt. Delikatna pielęgnacja włosów i skóry główki dziecka.,10,417,True,True,True,True
Szlafroki dla mamy,szlafroki-dla-mamy,Szlafroki dla mamy do szpitala | MamaPack,"Szlafroki damskie do szpitala i po porodzie: bambusowe, muślinowe i wygodne modele Doctor Nap dla mamy.",3,413,True,True,True,True
Termometry dla dzieci,termometry-dla-dzieci,Termometry dla dzieci i niemowląt | MamaPack,"Termometry elektroniczne i kąpielowe dla niemowląt. Kontrola temperatury dziecka, wody i codziennej pielęgnacji.",7,374,True,True,True,True
Wanienki dla dzieci,wanienki-dla-dzieci,Wanienki dla dzieci i niemowląt | MamaPack,"Wanienki dla niemowląt, modele z odpływem, składane wanienki oraz akcesoria do kąpieli. Wybierz wygodną wanienkę dla dziecka.",30,411,True,True,True,True
Wkładki laktacyjne,wkladki-laktacyjne,Wkładki laktacyjne jednorazowe | MamaPack,"Wkładki laktacyjne jednorazowe, cienkie i chłonne. Ochrona bielizny oraz ubrań przed przeciekaniem mleka.",10,404,True,True,True,True
Zabawa i edukacja,zabawa-i-edukacja,Zabawa i edukacja dla dziecka | MamaPack,"Produkty do zabawy i edukacji dziecka, w tym maty piankowe. Wybierz akcesoria wspierające codzienną aktywność.",1,421,True,True,True,True
"Żele, mydła i szampony dla dzieci",zele-mydla-szampony,"Żele, mydła i szampony dla dzieci | MamaPack","Żele, mydła, płyny do kąpieli i szampony dla niemowląt. Delikatne kosmetyki do mycia ciała i włosów dziecka.",8,423,True,True,True,True
