title,handle,count
Podk?ady higieniczne,podklady-higieniczne,8
Podpaski poporodowe,podpaski-poporodowe,9
Majtki poporodowe,majtki-poporodowe,8
Higiena intymna,higiena-intymna-po-porodzie,15
Produkty papierowe,produkty-papierowe,7
Koszule do karmienia,koszule-do-karmienia,10
Szlafroki,szlafroki-dla-mamy,3
Klapki i skarpetki,klapki-i-skarpetki-dla-mamy,7
Wk?adki laktacyjne,wkladki-laktacyjne,10
Os?onki laktacyjne,oslonki-laktacyjne,4
Piel?gnacja piersi i lanolina,pielegnacja-piersi-lanolina,8
Biustonosze do karmienia,biustonosze-do-karmienia,3
