title,handle,chosen_context,candidate_contexts
Podkłady higieniczne,podklady-higieniczne,Poród i połóg,Wyprawka do szpitala dla mamy | Poród i połóg
Podpaski poporodowe,podpaski-poporodowe,Poród i połóg,Wyprawka do szpitala dla mamy | Poród i połóg
Majtki poporodowe,majtki-poporodowe,Poród i połóg,Wyprawka do szpitala dla mamy | Poród i połóg
Produkty papierowe,produkty-papierowe,Higiena intymna,Wyprawka do szpitala dla mamy | Higiena intymna
Koszule do karmienia,koszule-do-karmienia,Koszule i szlafroki do karmienia,Wyprawka do szpitala dla mamy | Koszule i szlafroki do karmienia
Szlafroki dla mamy,szlafroki-dla-mamy,Koszule i szlafroki do karmienia,Wyprawka do szpitala dla mamy | Koszule i szlafroki do karmienia
Klapki i skarpetki dla mamy,klapki-i-skarpetki-dla-mamy,Pielęgnacja i akcesoria dla mamy,Wyprawka do szpitala dla mamy | Pielęgnacja i akcesoria dla mamy
Wkładki laktacyjne,wkladki-laktacyjne,Karmienie piersią i laktatory,Wyprawka do szpitala dla mamy | Karmienie piersią i laktatory
Osłonki laktacyjne,oslonki-laktacyjne,Karmienie piersią i laktatory,Wyprawka do szpitala dla mamy | Karmienie piersią i laktatory
Pielęgnacja piersi i lanolina,pielegnacja-piersi-lanolina,Karmienie piersią i laktatory,Wyprawka do szpitala dla mamy | Karmienie piersią i laktatory
Biustonosze do karmienia,biustonosze-do-karmienia,Karmienie piersią i laktatory,Wyprawka do szpitala dla mamy | Karmienie piersią i laktatory
Pieluszki tkaninowe,pieluszki-tkaninowe,Pielęgnacja i higiena,Wyprawka dla noworodka | Pielęgnacja i higiena
Pieluszki jednorazowe,pieluszki-jednorazowe,Pielęgnacja i higiena,Wyprawka dla noworodka | Pielęgnacja i higiena
Chusteczki nawilżane dla niemowląt,chusteczki-nawilzane-dla-niemowlat,Pielęgnacja i higiena,Wyprawka dla noworodka | Pielęgnacja i higiena
Rożki i kocyki dla niemowląt,rozki-i-kocyki-dla-niemowlat,Sen i pokój,Wyprawka dla noworodka | Sen i pokój
Ręczniki do kąpieli,reczniki-do-kapieli,Kąpiel dziecka,Wyprawka dla noworodka | Kąpiel dziecka
Wanienki dla dzieci,wanienki-dla-dzieci,Kąpiel dziecka,Wyprawka dla noworodka | Kąpiel dziecka
