collection_handle,product_id,legacy_product_id,title,handle,status
gotowe-torby-do-szpitala,gid://shopify/Product/10523326054733,10523326054733,Torba do szpitala dla DLA MAMY I NOWORODKA – gotowa wyprawka KOMPLETNA,torba-do-szpitala-mamy-noworodka-gotowa-wyprawka-kompletna,ACTIVE
gotowe-torby-do-szpitala,gid://shopify/Product/10558848336205,10558848336205,Torba do szpitala dla DLA MAMY I NOWORODKA – gotowa wyprawka ROZSZERZONA,torba-do-szpitala-mamy-noworodka-gotowa-wyprawka-rozszerzona,ACTIVE
gotowe-torby-do-szpitala,gid://shopify/Product/10519344120141,10519344120141,Torba do szpitala dla MAMY i NOWORODKA – gotowa wyprawka PODSTAWOWA,torba-do-szpitala-mamy-noworodka-gotowa-wyprawka-podstawowa,ACTIVE
gotowe-torby-do-szpitala,gid://shopify/Product/10523329921357,10523329921357,Torba do szpitala dla MAMY i NOWORODKA – gotowa wyprawka PREMIUM,kompletny-md,ACTIVE
gotowe-torby-do-szpitala,gid://shopify/Product/10517867528525,10517867528525,Torba do szpitala dla MAMY – gotowa wyprawka KOMPLETNA,torba-do-szpitala-mamy-gotowa-wyprawka-kompletna,ACTIVE
gotowe-torby-do-szpitala,gid://shopify/Product/10526795039053,10526795039053,Torba do szpitala dla MAMY – gotowa wyprawka PODSTAWOWA,torba-do-szpitala-mamy-gotowa-wyprawka-podstawowa,ACTIVE
gotowe-torby-do-szpitala,gid://shopify/Product/10517869068621,10517869068621,Torba do szpitala dla MAMY – gotowa wyprawka Premium,torba-do-szpitala-mamy-gotowa-wyprawka-premium,ACTIVE
gotowe-torby-do-szpitala,gid://shopify/Product/10517866021197,10517866021197,Torba do szpitala dla MAMY – gotowa wyprawka ROZSZERZONA,torba-do-szpitala-mamy-gotowa-wyprawka-rozszerzona,ACTIVE
gotowe-torby-do-szpitala,gid://shopify/Product/10537616703821,10537616703821,Torba do szpitala dla noworodka - gotowa wyprawka KOMPLETNA,torba-do-szpitala-noworodka-gotowa-wyprawka-kompletna,ACTIVE
gotowe-torby-do-szpitala,gid://shopify/Product/10537613033805,10537613033805,Torba do szpitala dla noworodka - gotowa wyprawka PODSTAWOWA,torba-do-szpitala-dla-noworodka-gotowa-wyprawka-premium,ACTIVE
gotowe-torby-do-szpitala,gid://shopify/Product/10537603203405,10537603203405,Torba do szpitala dla noworodka - gotowa wyprawka PREMIUM,torba-do-szpitala-noworodka-gotowa-wyprawka-premium,ACTIVE
gotowe-torby-do-szpitala,gid://shopify/Product/10537613984077,10537613984077,Torba do szpitala dla noworodka - gotowa wyprawka ROZSZERZONA,torba-do-szpitala-noworodka-gotowa-wyprawka-rozszerzona,ACTIVE
