url,handle,status,changed,title,error
https://mamapack.pl/products/5903933668482-pieluszki-dada-extra-care-rozm-1-2-5-kg-26-szt,5903933668482-pieluszki-dada-extra-care-rozm-1-2-5-kg-26-szt,200,False,Dada Extra Care -Pieluszki - Rozm. 1 - - 26 szt – mamapack,
https://mamapack.pl/products/akuku-a0003-platki-kosmetyczne-dla-niemowlat-0m-60szt,akuku-a0003-platki-kosmetyczne-dla-niemowlat-0m-60szt,200,False,AKUKU a0003 - Płatki kosmetyczne dla niemowląt – mamapack,
https://mamapack.pl/products/akuku-a0004-butelka-do-karmienia-125ml,akuku-a0004-butelka-do-karmienia-125ml,200,False,AKUKU a0004 - Butelka do karmienia - (125ml) – mamapack,
https://mamapack.pl/products/akuku-a0015-zestaw-pielegnacyjny-grey-hooligans,akuku-a0015-zestaw-pielegnacyjny-grey-hooligans,200,False,AKUKU a0015 - Zestaw pielęgnacyjny - Grey Hooligans – mamapack,
https://mamapack.pl/products/akuku-a0030-nawilzany-papier-toaletowy-50-szt,akuku-a0030-nawilzany-papier-toaletowy-50-szt,200,False,AKUKU a0030 - Nawilżany papier toaletowy - 50 szt – mamapack,
https://mamapack.pl/products/akuku-a0031-jednorazowe-chusteczki-nawilzane-woda-70-szt,akuku-a0031-jednorazowe-chusteczki-nawilzane-woda-70-szt,200,False,AKUKU a0031 - chusteczki nawilżane wodą - 70 szt – mamapack,
https://mamapack.pl/products/akuku-a0040-zestaw-do-manicure,akuku-a0040-zestaw-do-manicure,200,False,AKUKU a0040 - Zestaw Do Manicure – mamapack,
https://mamapack.pl/products/akuku-a0069-podklad-poporodowy-slim,akuku-a0069-podklad-poporodowy-slim,200,False,AKUKU a0069 - Podkład poporodowy - Slim – mamapack,
https://mamapack.pl/products/akuku-a0144-podklad-higieniczny-jednorazowy-60x90-cm-promed-20-szt,akuku-a0144-podklad-higieniczny-jednorazowy-60x90-cm-promed-20-szt,200,False,AKUKU a0144 - Podkład higieniczny jednorazowy 60x90 cm – mamapack,
https://mamapack.pl/products/akuku-a0160-wkladki-laktacyjne-daily-60-szt,akuku-a0160-wkladki-laktacyjne-daily-60-szt,200,False,AKUKU a0160 - Wkładki laktacyjne Daily - 60 szt – mamapack,
https://mamapack.pl/products/akuku-a0234-majtki-siateczkowe-wielorazowe-l,akuku-a0234-majtki-siateczkowe-wielorazowe-l,200,False,AKUKU a0234 - Majtki siateczkowe wielorazowe - 2 szt – mamapack,
https://mamapack.pl/products/akuku-a0254-podklad-peva-55x70-sowy-rozowo-niebieskie,akuku-a0254-podklad-peva-55x70-sowy-rozowo-niebieskie,200,False,AKUKU a0254 - Podkład Peva 55x70 cm – mamapack,
https://mamapack.pl/products/akuku-a0258-podklad-peva-55x70-sowy-szare,akuku-a0258-podklad-peva-55x70-sowy-szare,200,False,AKUKU a0258 - Podkład Peva 55x70cm - Sowy Szare – mamapack,
https://mamapack.pl/products/akuku-a0306-laktator-reczny,akuku-a0306-laktator-reczny,200,False,AKUKU a0306 - Laktator ręczny – mamapack,
https://mamapack.pl/products/akuku-a0307-szczotka-i-grzebien-z-naturalnym-wlosiem-biala,akuku-a0307-szczotka-i-grzebien-z-naturalnym-wlosiem-biala,200,False,AKUKU a0307 - Szczotka i grzebień – mamapack,
https://mamapack.pl/products/akuku-a0308-zestaw-manicure-niebieski,akuku-a0308-zestaw-manicure-niebieski,200,False,AKUKU a0308 - Zestaw manicure - Niebieski – mamapack,
https://mamapack.pl/products/akuku-a0338-szczotka-do-butelek,akuku-a0338-szczotka-do-butelek,200,False,AKUKU a0338 - Szczotka do butelek – mamapack,
https://mamapack.pl/products/akuku-a0354-wkladki-laktacyjne-ultracienkie,akuku-a0354-wkladki-laktacyjne-ultracienkie,200,False,AKUKU a0354 - Wkładki laktacyjne – mamapack,
https://mamapack.pl/products/akuku-a0369-podklady-poporodowe,akuku-a0369-podklady-poporodowe,200,False,AKUKU a0369 - Podkłady poporodowe - 10 szt – mamapack,
https://mamapack.pl/products/akuku-a0394-termometr-plywajacy-do-kapieli-zyrafa,akuku-a0394-termometr-plywajacy-do-kapieli-zyrafa,200,False,AKUKU a0394 - Termometr pływający do kąpieli - Żyrafa – mamapack,
https://mamapack.pl/products/akuku-a0395-termometr-do-kapieli-rybka-rico,akuku-a0395-termometr-do-kapieli-rybka-rico,200,False,AKUKU a0395 - Termometr do kąpieli - Rybka Rico – mamapack,
https://mamapack.pl/products/akuku-a0399-kolektor-na-mleko,akuku-a0399-kolektor-na-mleko,200,False,AKUKU a0399 - Kolektor na mleko - (ręczny) – mamapack,
https://mamapack.pl/products/akuku-a0418-nozyczki-do-paznokci,akuku-a0418-nozyczki-do-paznokci,200,False,AKUKU a0418 - Nożyczki - do paznokci – mamapack,
https://mamapack.pl/products/akuku-a0458-zestaw-manicure-rozowy,akuku-a0458-zestaw-manicure-rozowy,200,False,AKUKU a0458 - Zestaw manicure - różowy – mamapack,
https://mamapack.pl/products/akuku-a0473-zestaw-do-pielegnacji-apple-case-szary,akuku-a0473-zestaw-do-pielegnacji-apple-case-szary,200,False,AKUKU a0473 - Zestaw do pielęgnacji - - Szary – mamapack,
https://mamapack.pl/products/akuku-a0495-termometr-do-kapieli-biala-owca,akuku-a0495-termometr-do-kapieli-biala-owca,200,False,AKUKU a0495 - Termometr do kąpieli - biała Owca – mamapack,
https://mamapack.pl/products/akuku-a0501-podklad-jednorazowy-60x90-cm-sensitive-10-szt,akuku-a0501-podklad-jednorazowy-60x90-cm-sensitive-10-szt,200,False,AKUKU a0501 - Podkład jednorazowy 60x90 cm Sensitive – mamapack,
https://mamapack.pl/products/akuku-a0534-kompresy-zelowe-na-piersi-2-szt,akuku-a0534-kompresy-zelowe-na-piersi-2-szt,200,False,AKUKU a0534 - Kompresy żelowe na piersi - 2 szt – mamapack,
https://mamapack.pl/products/akuku-a0549-majtki-jednorazowe-poporodowe-s,akuku-a0549-majtki-jednorazowe-poporodowe-s,200,False,AKUKU a0549 - Majtki poporodowe - 5 szt – mamapack,
https://mamapack.pl/products/akuku-a0573-szczotka-do-butelek-rozowa-mis,akuku-a0573-szczotka-do-butelek-rozowa-mis,200,False,AKUKU a0573 - Szczotka do butelek Miś - (różowa) – mamapack,
https://mamapack.pl/products/akuku-a0586-smoczek-uspokajajacy-0-6m-niebieski,akuku-a0586-smoczek-uspokajajacy-0-6m-niebieski,200,False,AKUKU a0586 - Smoczek uspokajający 0-6m - Niebieski – mamapack,
https://mamapack.pl/products/akuku-a0587-smoczek-uspokajajacy-0-6m-rozowy,akuku-a0587-smoczek-uspokajajacy-0-6m-rozowy,200,False,AKUKU a0587 - Smoczek uspokajający 0-6m - Różowy – mamapack,
https://mamapack.pl/products/akuku-a0664-recznik-kapielowy-z-kapturkiem-frotte-100-x-100-cm,akuku-a0664-recznik-kapielowy-z-kapturkiem-frotte-100-x-100-cm,200,False,AKUKU a0664 - Ręcznik kąpielowy z kapturkiem - frotte – mamapack,
https://mamapack.pl/products/akuku-a0683k-kompres-zelowy-do-okolic-intymnych,akuku-a0683k-kompres-zelowy-do-okolic-intymnych,200,False,AKUKU a0683k - Kompres - Żelowy - do okolic intymnych – mamapack,
https://mamapack.pl/products/akuku-a0684-butelka-do-podmywania-peri-350-ml,akuku-a0684-butelka-do-podmywania-peri-350-ml,200,False,AKUKU a0684 - Butelka do podmywania - Peri - (350 ml) – mamapack,
https://mamapack.pl/products/akuku-a0710-bezpieczne-patyczki-do-uszu-dla-niemowlat-60-szt,akuku-a0710-bezpieczne-patyczki-do-uszu-dla-niemowlat-60-szt,200,False,AKUKU a0710 - Bezpieczne Patyczki do uszu dla – mamapack,
https://mamapack.pl/products/akuku-a12313-8-recznik-kapielowy-z-kapturkiem-80-x-80-cm,akuku-a12313-8-recznik-kapielowy-z-kapturkiem-80-x-80-cm,200,False,AKUKU a1231 - Ręcznik kąpielowy - z kapturkiem – mamapack,
https://mamapack.pl/products/albero-mio-c015-recznik-kapielowy-z-kapturkiem-100-x-100-cm,albero-mio-c015-recznik-kapielowy-z-kapturkiem-100-x-100-cm,200,False,Albero Mio c015 - Ręcznik kąpielowy - z kapturkiem – mamapack,
https://mamapack.pl/products/ardo-care-lanolina-10ml,ardo-care-lanolina-10ml,200,False,Ardo Care - Lanolina 10ml – mamapack,
https://mamapack.pl/products/ardo-krem-przeciw-rozstepom,ardo-krem-przeciw-rozstepom,200,False,Ardo - Krem przeciw rozstępom – mamapack,
https://mamapack.pl/products/atk-miniania-pielucha-flanelowa-80x70-biala-bez-nadruku-cena-za-1szt-pakowane-po-5szt,atk-miniania-pielucha-flanelowa-80x70-biala-bez-nadruku-cena-za-1szt-pakowane-po-5szt,200,False,Atk - Pielucha Flanelowa - Biała - - 1 szt – mamapack,
https://mamapack.pl/products/atk-miniania-pielucha-z-flaneli-kolor-z-nadrukiem-pakowane-po-5szt,atk-miniania-pielucha-z-flaneli-kolor-z-nadrukiem-pakowane-po-5szt,200,False,Atk - Pielucha Flanelowa - kolor z nadrukiem – mamapack,
https://mamapack.pl/products/avent-scf091-05-smoczek-ultra-soft-0-6m-bez-zielen,avent-scf091-05-smoczek-ultra-soft-0-6m-bez-zielen,200,False,Avent scf091/05 - Smoczek Ultra Soft - - beż/zieleń – mamapack,
https://mamapack.pl/products/avent-scf153-03-oslonki-na-piersi-srednie,avent-scf153-03-oslonki-na-piersi-srednie,200,False,Avent scf153/01-03 - Osłonki na piersi – mamapack,
https://mamapack.pl/products/avent-scf254-24-wkladki-jednorazowe-24-szt,avent-scf254-24-wkladki-jednorazowe-24-szt,200,False,Avent scf254/24 - Wkładki jednorazowe - 24 szt – mamapack,
https://mamapack.pl/products/avent-zestaw-butelka-dla-niemowlat-125ml-smoczek-uspokajajacy-0-m-dla-chlopca-copy,avent-zestaw-butelka-dla-niemowlat-125ml-smoczek-uspokajajacy-0-m-dla-chlopca-copy,200,False,Avent-Zestaw: Butelka dla niemowląt 125ml + Smoczek – mamapack,
https://mamapack.pl/products/avent-zestaw-butelka-niemowlat-125-ml-smoczek-uspokajajacy,avent-zestaw-butelka-niemowlat-125-ml-smoczek-uspokajajacy,200,False,Avent-Zestaw: Butelka dla niemowląt 125 ml + Smoczek – mamapack,
https://mamapack.pl/products/b-o-066-bezpieczne-nozyczki-take-care,b-o-066-bezpieczne-nozyczki-take-care,200,False,b.o.066 - Bezpieczne nożyczki - Take Care – mamapack,
https://mamapack.pl/products/b-o-1450-butelka-180ml-natural-nursing,b-o-1450-butelka-180ml-natural-nursing,200,False,b.o.1450 - Butelka antykolkowa – mamapack,
https://mamapack.pl/products/b-o-1451-butelka-260-ml-natural-nursing,b-o-1451-butelka-260-ml-natural-nursing,200,False,b.o.1451 - Butelka antykolkowa – mamapack,
https://mamapack.pl/products/b-o-1479-02-kocyk-dzianiny-bambusowy-szary,b-o-1479-02-kocyk-dzianiny-bambusowy-szary,200,False,"b.o.1647/(1,2,3) - Kocyk bawełniany - Dzianinynowy – mamapack",
https://mamapack.pl/products/b-o-1553-01-okrycie-kapielowe-bambusowe-z-kapturkiem-100x100cm-rozowe,b-o-1553-01-okrycie-kapielowe-bambusowe-z-kapturkiem-100x100cm-rozowe,200,False,b.o.1553 - Okrycie kąpielowe z kapturkiem – mamapack,
https://mamapack.pl/products/b-o-1576-edukacyjna-mata-piankowa-xpe-150x200cm,b-o-1576-edukacyjna-mata-piankowa-xpe-150x200cm,200,False,B.O. 1576 - Edukacyjna mata piankowa Xpe - (150x200cm) – mamapack,
https://mamapack.pl/products/b-o-1670-01-smoczek-anatomiczny-silikon-swiecacy-0m-2-szt-braz-bez,b-o-1670-01-smoczek-anatomiczny-silikon-swiecacy-0m-2-szt-braz-bez,200,False,B.O. 1670/01 - Smoczek – mamapack,
https://mamapack.pl/products/b-o-297-01-wkladki-laktacyjne-night-day-40-szt,b-o-297-01-wkladki-laktacyjne-night-day-40-szt,200,False,b.o.297/01 - Wkładki laktacyjne Night & Day - 40 szt – mamapack,
https://mamapack.pl/products/b-o-298-01-wkladki-laktacyjne-natural-nursing-24-szt-biale,b-o-298-01-wkladki-laktacyjne-natural-nursing-24-szt-biale,200,False,b.o.298/01 - Wkładki laktacyjne Natural Nursing – mamapack,
https://mamapack.pl/products/b-o-348-01-pieluszki-muslinowe-3-szt-szary-take-care,b-o-348-01-pieluszki-muslinowe-3-szt-szary-take-care,200,False,b.o.348/01 - Pieluszki – mamapack,
https://mamapack.pl/products/b-o-348-07-pieluszki-muslinowe-super-miekkie,b-o-348-07-pieluszki-muslinowe-super-miekkie,200,False,b.o.348/07 - Pieluszki - Muślinowe - super miękkie – mamapack,
https://mamapack.pl/products/b-o-348-08-pieluszki-muslinowe-super-miekkie,b-o-348-08-pieluszki-muslinowe-super-miekkie,200,False,b.o.348/08- Pieluszki - Muślinowe - super miękkie – mamapack,
https://mamapack.pl/products/b-o-348-10-pieluszki-muslinowe-super-miekkie,b-o-348-10-pieluszki-muslinowe-super-miekkie,200,False,b.o.348/10 - Pieluszki - Muślinowe - super miękkie – mamapack,
https://mamapack.pl/products/b-o-348-11-pieluszki-muslinowe-super-miekkie,b-o-348-11-pieluszki-muslinowe-super-miekkie,200,False,b.o.348/11 - Pieluszki - Muślinowe - super miękkie – mamapack,
https://mamapack.pl/products/b-o-348-12-pieluszki-muslinowe-super-miekkie,b-o-348-12-pieluszki-muslinowe-super-miekkie,200,False,b.o.348/12 - Pieluszki - Muślinowe - super miękkie – mamapack,
https://mamapack.pl/products/b-o-397-04-naturalne-pieluszki-z-wlokien-bambusa-organicznego-mietowe-take-care,b-o-397-04-naturalne-pieluszki-z-wlokien-bambusa-organicznego-mietowe-take-care,200,False,b.o.397/04 -Naturalne pieluszki - z włókien Bambusa – mamapack,
https://mamapack.pl/products/b-o-397-09-naturalne-pieluszki-z-wlokien-bambusa-natural-bamboo,b-o-397-09-naturalne-pieluszki-z-wlokien-bambusa-natural-bamboo,200,False,b.o.397/09 - Naturalne pieluszki – mamapack,
https://mamapack.pl/products/b-o-397-12-naturalne-pieluszki-z-wlokien-bambusa-natural-bamboo,b-o-397-12-naturalne-pieluszki-z-wlokien-bambusa-natural-bamboo,200,False,b.o.397/12 - Naturalne pieluszki – mamapack,
https://mamapack.pl/products/b-o-398-03-zestaw-do-pielegnacji-paznokci-dla-dzieci-i-niemowlat-szary-take-care,b-o-398-03-zestaw-do-pielegnacji-paznokci-dla-dzieci-i-niemowlat-szary-take-care,200,False,b.o.398/03 - Zestaw do pielęgnacji paznokci – mamapack,
https://mamapack.pl/products/b-o-500-xl-jednorazowe-majtki-poporodowe-xl,b-o-500-xl-jednorazowe-majtki-poporodowe-xl,200,False,b.o.500 - Jednorazowe Majtki poporodowe - 5 szt – mamapack,
https://mamapack.pl/products/b-o-503-xxl-wielorazowe-majtki-siateczkowe-xxl-2sz,b-o-503-xxl-wielorazowe-majtki-siateczkowe-xxl-2sz,200,False,b.o.503 - Wielorazowe majtki - Siateczkowe - 2 szt – mamapack,
https://mamapack.pl/products/b-o-509-podklad-do-przewijania-60x90-10-szt,b-o-509-podklad-do-przewijania-60x90-10-szt,200,False,b.o.509 - Podkład do przewijania 60x90cm - 10 szt – mamapack,
https://mamapack.pl/products/b-o-513-podklad-do-przewijania-40x60-10szt,b-o-513-podklad-do-przewijania-40x60-10szt,200,False,b.o.513 - Podkład do przewijania 40x60cm - 10 szt – mamapack,
https://mamapack.pl/products/b-o-568-03-szczotka-i-grzebien-do-wlosow-naturalne-super-miekkie-wlosie-szara-take-care,b-o-568-03-szczotka-i-grzebien-do-wlosow-naturalne-super-miekkie-wlosie-szara-take-care,200,False,b.o.568/03 - Szczotka i grzebień do włosów – mamapack,
https://mamapack.pl/products/b-o-568-04-szczotka-i-grzebien-do-wlosow-naturalne-super-miekkie-wlosie-rozowa-take-care,b-o-568-04-szczotka-i-grzebien-do-wlosow-naturalne-super-miekkie-wlosie-rozowa-take-care,200,False,b.o.568/04 - Szczotka i grzebień do włosów – mamapack,
https://mamapack.pl/products/b-o-585-11-biustonosz-do-karmienia-d70-75-bialy,b-o-585-11-biustonosz-do-karmienia-d70-75-bialy,200,False,b.o.585/11 - Biustonosz do karmienia - Biały – mamapack,
https://mamapack.pl/products/b-o-585-30-biustonosz-do-karmienia-b75-80-neutralny,b-o-585-30-biustonosz-do-karmienia-b75-80-neutralny,200,False,b.o.585/30 - Biustonosz do karmienia - Neutralny – mamapack,
https://mamapack.pl/products/b-o-597-podklady-poporodowe-comfort,b-o-597-podklady-poporodowe-comfort,200,False,b.o.597 - Podkłady poporodowe Comfort - 10 szt – mamapack,
https://mamapack.pl/products/b-o-599-podklady-poporodowe-night-day,b-o-599-podklady-poporodowe-night-day,200,False,b.o.599 - Podkłady poporodowe Night & Day - 10 szt – mamapack,
https://mamapack.pl/products/b-o-721-03-szczotka-do-butelek-i-smoczkow-z-mini-szczoteczka-szara,b-o-721-03-szczotka-do-butelek-i-smoczkow-z-mini-szczoteczka-szara,200,False,b.o.721/03 - Szczotka do butelek i smoczków – mamapack,
https://mamapack.pl/products/b-o-777-03-termometr-do-wody-take-care-niebieski,b-o-777-03-termometr-do-wody-take-care-niebieski,200,False,b.o.777/03 - Termometr do wody - Take Care - niebieski – mamapack,
https://mamapack.pl/products/b-o-777-03-termometr-do-wody-take-care-rozowy,b-o-777-03-termometr-do-wody-take-care-rozowy,200,False,b.o.777/03 - Termometr do wody - Take Care - różowy – mamapack,
https://mamapack.pl/products/b-o-823-m-silikonowe-oslonki-na-piersi-natural-nursing,b-o-823-m-silikonowe-oslonki-na-piersi-natural-nursing,200,False,b.o.823 - Silikonowe osłonki na piersi Natural Nursing – mamapack,
https://mamapack.pl/products/b-o-kocyk-bambusowy-dzianina,b-o-kocyk-bambusowy-dzianina,200,False,b.o.1673 - Kocyk Bambusowy - Dzianina – mamapack,
https://mamapack.pl/products/babyono-zestaw-wyprawkowy-dla-mamy-5-produktow,babyono-zestaw-wyprawkowy-dla-mamy-5-produktow,200,False,Babyono - Zestaw Wyprawkowy dla mamy - 5 produktów – mamapack,
https://mamapack.pl/products/bambino-3w1-chusteczki-emolientowe-hipoalergiczne-dla-niemowlat-dzieci-57-szt,bambino-3w1-chusteczki-emolientowe-hipoalergiczne-dla-niemowlat-dzieci-57-szt,200,False,Bambino 3w1 - Chusteczki emolientowe hipoalergiczne – mamapack,
https://mamapack.pl/products/bambino-83649-krem-pielegnacyjny-z-pantenolem-200ml,bambino-83649-krem-pielegnacyjny-z-pantenolem-200ml,200,False,Bambino 83649 - Krem pielęgnacyjny z D-Pantenolem – mamapack,
https://mamapack.pl/products/bambino-83671-zel-do-mycia-ciala-i-wlosow-2w1-400ml,bambino-83671-zel-do-mycia-ciala-i-wlosow-2w1-400ml,200,False,Bambino 83671 - Żel do mycia ciała i włosów - 2w1 – mamapack,
https://mamapack.pl/products/bamboolove-bambusowe-chusteczki-nawilzan-e-60szt,bamboolove-bambusowe-chusteczki-nawilzan-e-60szt,200,False,Bamboolove - Chusteczki nawilżane - Bambusowe - 60 szt – mamapack,
https://mamapack.pl/products/bamboolove-pieluszki-jednorazowe-r-xs-27szt,bamboolove-pieluszki-jednorazowe-r-xs-27szt,200,False,Bamboolove - Pieluszki - Rozmiar Xs - 27 szt – mamapack,
https://mamapack.pl/products/bamboolove-pieluszki-jednorazowe-rozm-m-24szt,bamboolove-pieluszki-jednorazowe-rozm-m-24szt,200,False,Bamboolove - Pieluszki - Rozmiar M - 24 szt – mamapack,
https://mamapack.pl/products/bamboolove-pieluszki-jednorazowe-rozm-s-25szt,bamboolove-pieluszki-jednorazowe-rozm-s-25szt,200,False,Bamboolove - Pieluszki - Rozmiar S - 25 szt – mamapack,
https://mamapack.pl/products/bella-baby-happy-chusteczki-nasaczone-wit-e-i-alantoina-64-szt,bella-baby-happy-chusteczki-nasaczone-wit-e-i-alantoina-64-szt,200,False,Bella Baby Happy Chusteczki nasączone - wit.E i – mamapack,
https://mamapack.pl/products/bella-chusteczki-do-higieny-intymnej-sensitiv-10-szt,bella-chusteczki-do-higieny-intymnej-sensitiv-10-szt,200,False,Bella chusteczki do higieny intymnej Sensitiv - 10 szt – mamapack,
https://mamapack.pl/products/bella-happy-before-newborn-a-46szt-pieluszki-dla-wczesniakow,bella-happy-before-newborn-a-46szt-pieluszki-dla-wczesniakow,200,False,Bella Happy 0 Before Newborn - Pieluszki dla – mamapack,
https://mamapack.pl/products/bella-newborn-a-42szt-pieluszki-hig-2-5-kg,bella-newborn-a-42szt-pieluszki-hig-2-5-kg,200,False,Bella Baby Happy Newborn- pieluszki - 2-5kg - 42 szt – mamapack,
https://mamapack.pl/products/bella-patyczki-a-56-szt-baby-happy-papierowe-patyczki,bella-patyczki-a-56-szt-baby-happy-papierowe-patyczki,200,False,Bella Baby Happy Papierowe Patyczki Higieniczne 56szt – mamapack,
https://mamapack.pl/products/bella-podkl-a-5szt-hig-40x60-seni-soft-super,bella-podkl-a-5szt-hig-40x60-seni-soft-super,200,False,Seni Soft Super - Podkłady higieniczne 40x60cm – mamapack,
https://mamapack.pl/products/bella-podklad-higieniczny-mamma-34x11-cm-z-folia-10-szt,bella-podklad-higieniczny-mamma-34x11-cm-z-folia-10-szt,200,False,Bella - Podkład higieniczny Mamma – mamapack,
https://mamapack.pl/products/bella-wkladki-laktacyjne-mamma-30-szt,bella-wkladki-laktacyjne-mamma-30-szt,200,False,Bella - Wkładki laktacyjne Mamma - 30 szt – mamapack,
https://mamapack.pl/products/bialy-jelen-emulsja-intymna-kozie-mleko-141700,bialy-jelen-emulsja-intymna-kozie-mleko-141700,200,False,Biały Jeleń hipoalergiczna emulsja do Higieny – mamapack,
https://mamapack.pl/products/bialy-jelen-emulsja-intymna-szalwia-i-ogorek-265ml-141274,bialy-jelen-emulsja-intymna-szalwia-i-ogorek-265ml-141274,200,False,Biały Jeleń Premium Hipoalergiczna emulsja do Higieny – mamapack,
https://mamapack.pl/products/bibs-1001000231-smoczek-anatomiczny-kauczuk-0-baby-blue-1-szt,bibs-1001000231-smoczek-anatomiczny-kauczuk-0-baby-blue-1-szt,200,False,BIBS - Smoczek anatomiczny - - - Baby Blue - 1 szt – mamapack,
https://mamapack.pl/products/bibs-1001000244-smoczek-anatomiczny-kauczuk-0-rozowy-1-szt,bibs-1001000244-smoczek-anatomiczny-kauczuk-0-rozowy-1-szt,200,False,BIBS - Smoczek anatomiczny - - - Różowy - 1 szt – mamapack,
https://mamapack.pl/products/bibs-butelka-silikon-sredni-przeplyw-270-ml-kosc,bibs-butelka-silikon-sredni-przeplyw-270-ml-kosc,200,False,BIBS - Butelka - - Średni Przepływ - - Kość Słoniowa – mamapack,
https://mamapack.pl/products/bibs-liberty-smoczek-uspokajajacy-2-pak-latex-rozowy,bibs-liberty-smoczek-uspokajajacy-2-pak-latex-rozowy,200,False,BIBS Liberty - Smoczek uspokajający - - latex - Różowy – mamapack,
https://mamapack.pl/products/bibs-smoczek-anatomiczny-kauczuk-0-ivory-1-szt,bibs-smoczek-anatomiczny-kauczuk-0-ivory-1-szt,200,False,BIBS - Smoczek anatomiczny - - - Ivory - 1 szt – mamapack,
https://mamapack.pl/products/bibs-smoczek-anatomiczny-kauczuk-0-vanilla-1-szt,bibs-smoczek-anatomiczny-kauczuk-0-vanilla-1-szt,200,False,BIBS - Smoczek anatomiczny - - - Vanilla - 1 szt – mamapack,
https://mamapack.pl/products/bibs-smoczek-kauczuk-szalwia,bibs-smoczek-kauczuk-szalwia,200,False,BIBS - Smoczek - kauczuk - Szałwia – mamapack,
https://mamapack.pl/products/bibs-studio-smoczek-uspokajajacy-2-pak-latex-baby,bibs-studio-smoczek-uspokajajacy-2-pak-latex-baby,200,True,BIBS Studio smoczek Baby Blue/Dusty Blue 2-pak – mamapack,
https://mamapack.pl/products/bibs-studio-smoczek-uspokajajacy-okragly-2-pak-latex-baby-blue-dusty-blue-copy,bibs-studio-smoczek-uspokajajacy-okragly-2-pak-latex-baby-blue-dusty-blue-copy,200,True,BIBS smoczek symetryczny Ivory/Blush 2-pak – mamapack,
https://mamapack.pl/products/bibs-studio-smoczek-uspokajajacy-okragly-2-pak-latex-baby-blue-dusty-blue-copy-1,bibs-studio-smoczek-uspokajajacy-okragly-2-pak-latex-baby-blue-dusty-blue-copy-1,200,True,BIBS Studio - Smoczek uspokajający – mamapack,
https://mamapack.pl/products/bibs-supreme-160336-smoczek-uspokajajacy-silikon-0-vanilla-dark-oak-2-szt,bibs-supreme-160336-smoczek-uspokajajacy-silikon-0-vanilla-dark-oak-2-szt,200,False,BIBS Supreme (160336) - Smoczek uspokajający – mamapack,
https://mamapack.pl/products/biustonosz-sportowy-do-karmienia-doctor-nap,biustonosz-sportowy-do-karmienia-doctor-nap,200,False,Biustonosz sportowy do karmienia Doctor Nap – mamapack,
https://mamapack.pl/products/bocioland-bl151-podklad-jenorazowy-60x90-cm-op-10-szt,bocioland-bl151-podklad-jenorazowy-60x90-cm-op-10-szt,200,False,Bocioland - Podkład Jednorazowy - 60x90cm - 10 szt – mamapack,
https://mamapack.pl/products/canpol-1-500-ekologiczny-plyn-do-mycia-smoczkow-i-butelek-500-ml,canpol-1-500-ekologiczny-plyn-do-mycia-smoczkow-i-butelek-500-ml,200,False,CANPOL 1/500 - Ekologiczny Płyn do mycia smoczków i – mamapack,
https://mamapack.pl/products/canpol-1-653-wkladki-laktacyjne-30-szt,canpol-1-653-wkladki-laktacyjne-30-szt,200,False,CANPOL 1/653 - Wkładki laktacyjne - 30 szt – mamapack,
https://mamapack.pl/products/canpol-1-658-suche-chusteczki-bambusowe-dla-niemowlat-100-szt,canpol-1-658-suche-chusteczki-bambusowe-dla-niemowlat-100-szt,200,False,CANPOL 1/658 - Suche Chusteczki Bambusowe dla – mamapack,
https://mamapack.pl/products/canpol-1-661-reczniki-bambusowe-dla-niemowlat-i-dzieci-20x20cm-120szt,canpol-1-661-reczniki-bambusowe-dla-niemowlat-i-dzieci-20x20cm-120szt,200,False,CANPOL 1/661 - Ręczniki bambusowe dla niemowląt i – mamapack,
https://mamapack.pl/products/canpol-12-216-laktator-reczny-basic-light,canpol-12-216-laktator-reczny-basic-light,200,False,CANPOL 12/216 - Laktator - Ręczny - Basic light – mamapack,
https://mamapack.pl/products/canpol-14-000-masc-lanolinowa-do-brodawek-sutkowych-7-g,canpol-14-000-masc-lanolinowa-do-brodawek-sutkowych-7-g,200,False,CANPOL 14/000 - Maść lanolinowa – mamapack,
https://mamapack.pl/products/canpol-16-000-majtki-dla-kobiet-w-ciazy-i-po-porodzie-2-szt-s-m,canpol-16-000-majtki-dla-kobiet-w-ciazy-i-po-porodzie-2-szt-s-m,200,False,CANPOL 16/000(1) - Majtki dla kobiet w ciąży i po – mamapack,
https://mamapack.pl/products/canpol-2-118-gruszka-do-nosa,canpol-2-118-gruszka-do-nosa,200,False,CANPOL 2/118 - Gruszka do nosa – mamapack,
https://mamapack.pl/products/canpol-2-417-szczotka-grzebien-do-wlosow-miekka-goose,canpol-2-417-szczotka-grzebien-do-wlosow-miekka-goose,200,False,CANPOL 2/417 - Szczotka + grzebień do włosów - - Goose – mamapack,
https://mamapack.pl/products/canpol-2-424-szczotka-grzebien-do-wlosow-miekka-biala,canpol-2-424-szczotka-grzebien-do-wlosow-miekka-biala,200,False,CANPOL 2/424 - Szczotka + grzebień do włosów - - Biała – mamapack,
https://mamapack.pl/products/canpol-2-424-szczotka-grzebien-do-wlosow-miekka-niebieska,canpol-2-424-szczotka-grzebien-do-wlosow-miekka-niebieska,200,True,Canpol 2/424 szczotka i grzebie? niebieska – mamapack,
https://mamapack.pl/products/canpol-2-424-szczotka-grzebien-do-wlosow-miekka-rozowa,canpol-2-424-szczotka-grzebien-do-wlosow-miekka-rozowa,200,True,Canpol 2/424 szczotka i grzebień różowa – mamapack,
https://mamapack.pl/products/canpol-2-441-lancuszek-do-smoczka-uspokajajacego-goose,canpol-2-441-lancuszek-do-smoczka-uspokajajacego-goose,200,False,CANPOL 2/441 - Łańcuszek – mamapack,
https://mamapack.pl/products/canpol-2-782-termometr-kapielowy-delfin-niebieski,canpol-2-782-termometr-kapielowy-delfin-niebieski,200,False,CANPOL 2/782 - Termometr kąpielowy – mamapack,
https://mamapack.pl/products/canpol-22-565-smoczek-anatomiczny-silikon-orthodontic-0m-bezowy,canpol-22-565-smoczek-anatomiczny-silikon-orthodontic-0m-bezowy,200,True,Canpol 22/580 smoczek symetryczny 0m+ beżowy – mamapack,
https://mamapack.pl/products/canpol-22-580-smoczek-uspokajajacy-silikonowy-symetryczny-okragly-0-6m-nawborn-niebieski,canpol-22-580-smoczek-uspokajajacy-silikonowy-symetryczny-okragly-0-6m-nawborn-niebieski,200,False,CANPOL 22/562 - Smoczek – mamapack,
https://mamapack.pl/products/canpol-22-581-smoczek-silikonowy-6-18m-symetryczny-bezowy,canpol-22-581-smoczek-silikonowy-6-18m-symetryczny-bezowy,200,False,CANPOL 22/581 - Smoczek silikonowy – mamapack,
https://mamapack.pl/products/canpol-22-667-smoczek-silikon-orthodontic-symetryczny-0-6-m-goose-2-szt,canpol-22-667-smoczek-silikon-orthodontic-symetryczny-0-6-m-goose-2-szt,200,False,CANPOL 22/667(8) - Smoczek – mamapack,
https://mamapack.pl/products/canpol-23-910-smoczek-symetryczny-0-2-m-mini-2szt,canpol-23-910-smoczek-symetryczny-0-2-m-mini-2szt,200,False,CANPOL 23/910 - Smoczek - Symetryczny - - 2szt – mamapack,
https://mamapack.pl/products/canpol-24-001-smoczek-silikonowy-symetryczny-uspakajajacy-0-6-m-bialy,canpol-24-001-smoczek-silikonowy-symetryczny-uspakajajacy-0-6-m-bialy,200,False,CANPOL 24/001 Smoczek silikonowy - Symetryczny – mamapack,
https://mamapack.pl/products/canpol-26-901-pieluszki-muslinowe-2-szt-70x70cm-bonjour-paris-blue,canpol-26-901-pieluszki-muslinowe-2-szt-70x70cm-bonjour-paris-blue,200,True,CANPOL 26/901 - Pieluszki Muślinowe – mamapack,
https://mamapack.pl/products/canpol-26-901-pieluszki-muslinowe-2-szt-70x70cm-bonjour-paris-pink,canpol-26-901-pieluszki-muslinowe-2-szt-70x70cm-bonjour-paris-pink,200,True,CANPOL 26/901 - Pieluszki Muślinowe – mamapack,
https://mamapack.pl/products/canpol-3-115-bezpieczne-patyczki-dla-niemowlat-55-szt,canpol-3-115-bezpieczne-patyczki-dla-niemowlat-55-szt,200,False,CANPOL 3/115 - Bezpieczne patyczki dla niemowląt – mamapack,
https://mamapack.pl/products/canpol-34-920-smoczek-silikonowy-0-6m-symetryczny-exotic-lama,canpol-34-920-smoczek-silikonowy-0-6m-symetryczny-exotic-lama,200,True,Canpol 34/920 smoczek Exotic Lama 0-6m – mamapack,
https://mamapack.pl/products/canpol-34-920-smoczek-silikonowy-0-m-symetryczny-exotic-koala,canpol-34-920-smoczek-silikonowy-0-m-symetryczny-exotic-koala,200,True,CANPOL 34/920 - Smoczek silikonowy – mamapack,
https://mamapack.pl/products/canpol-34-920-smoczek-silikonowy-symetryczny-0-6m-panda,canpol-34-920-smoczek-silikonowy-symetryczny-0-6m-panda,200,True,Canpol 34/920 smoczek Panda 0-6m – mamapack,
https://mamapack.pl/products/canpol-34-922-smoczek-silikonowy-18-m-symetryczny-exotic-koala,canpol-34-922-smoczek-silikonowy-18-m-symetryczny-exotic-koala,200,False,CANPOL 34/922 - Smoczek silikonowy – mamapack,
https://mamapack.pl/products/canpol-34-924-smoczek-uspokajajacy-silikonowy-symetryczny-0-6-m-animals-niebieski,canpol-34-924-smoczek-uspokajajacy-silikonowy-symetryczny-0-6-m-animals-niebieski,200,False,CANPOL 34/924 Smoczek uspokajający silikonowy – mamapack,
https://mamapack.pl/products/canpol-34-930-smoczek-silikon-orthodontic-symetryczny-0-6-m-mountains-zolte-2-szt,canpol-34-930-smoczek-silikon-orthodontic-symetryczny-0-6-m-mountains-zolte-2-szt,200,False,CANPOL 34/930(1) - Smoczek – mamapack,
https://mamapack.pl/products/canpol-35-2423-butelka-antykolkowa-easystart-mountains-green-120ml-240ml,canpol-35-2423-butelka-antykolkowa-easystart-mountains-green-120ml-240ml,200,True,Canpol EasyStart Mountains Green butelka 120/240 ml – mamapack,
https://mamapack.pl/products/canpol-35-243-butelka-antykolkowa-240-ml-beige-3m,canpol-35-243-butelka-antykolkowa-240-ml-beige-3m,200,True,Canpol EasyStart Mountains Beige butelka 120/240 ml – mamapack,
https://mamapack.pl/products/canpol-35-245-butelka-antykolkowa-pojemnik-na-mleko-240-ml-goose-3m,canpol-35-245-butelka-antykolkowa-pojemnik-na-mleko-240-ml-goose-3m,200,False,CANPOL 35/245 - Butelka antykolkowa + pojemnik na – mamapack,
https://mamapack.pl/products/canpol-51-034-tasiemka-do-smoczka-uspokajajacego-mountains-yellow,canpol-51-034-tasiemka-do-smoczka-uspokajajacego-mountains-yellow,200,False,CANPOL 51/034 - Tasiemka do smoczka (uspokajającego) – mamapack,
https://mamapack.pl/products/canpol-73-002-wielorazowe-majtki-poporodowe-siateczkowe-2szt-l-xl,canpol-73-002-wielorazowe-majtki-poporodowe-siateczkowe-2szt-l-xl,200,False,CANPOL 73/001(2) - Wielorazowe majtki poporodowe – mamapack,
https://mamapack.pl/products/canpol-73-003-wysokochlonne-podklady-poporodowe-10szt,canpol-73-003-wysokochlonne-podklady-poporodowe-10szt,200,False,CANPOL 73/003 - Wysokochłonne podkłady poporodowe – mamapack,
https://mamapack.pl/products/canpol-78-001-oddychajace-podklady-poporodowe-na-noc-10szt,canpol-78-001-oddychajace-podklady-poporodowe-na-noc-10szt,200,False,canpol 78/001 - Oddychające podkłady poporodowe Na Noc – mamapack,
https://mamapack.pl/products/canpol-78-002-wielofunkcyjne-jednorazowe-podklady-higieniczne-10szt-z-naklejka,canpol-78-002-wielofunkcyjne-jednorazowe-podklady-higieniczne-10szt-z-naklejka,200,False,canpol 78/002 - Wielofunkcyjne Podkłady Higieniczne – mamapack,
https://mamapack.pl/products/canpol-78-006-wielofunkcyjne-podklady-higieniczne-60x60-cm,canpol-78-006-wielofunkcyjne-podklady-higieniczne-60x60-cm,200,False,CANPOL 78/006 - Wielofunkcyjne podklady higieniczne – mamapack,
https://mamapack.pl/products/canpol-78-007-dyskretne-podpaski-poporodowe-ze-skrzydelkami-day,canpol-78-007-dyskretne-podpaski-poporodowe-ze-skrzydelkami-day,200,False,CANPOL 78/007 - Dyskretne podpaski poporodowe – mamapack,
https://mamapack.pl/products/canpol-78-008-dyskretne-podpaski-poporodowe-ze-skrzydelkami-night,canpol-78-008-dyskretne-podpaski-poporodowe-ze-skrzydelkami-night,200,False,CANPOL 78/008 - Dyskretne podpaski poporodowe – mamapack,
https://mamapack.pl/products/canpol-78-026-jednorazowe-splukiwalne-nakladki-na-toalete-10-szt-copy,canpol-78-026-jednorazowe-splukiwalne-nakladki-na-toalete-10-szt-copy,200,True,Canpol 78/025 ręczniki jednorazowe 2 szt. – mamapack,
https://mamapack.pl/products/canpol-9-809-nozyczki-cazki-pilniczek,canpol-9-809-nozyczki-cazki-pilniczek,200,False,CANPOL 9/809 - Nożyczki + cążki + pilniczek – mamapack,
https://mamapack.pl/products/canpol-9-814-zestaw-pielegnacyjny-do-paznokci-dla-niemowlat-i-dzieci-roz,canpol-9-814-zestaw-pielegnacyjny-do-paznokci-dla-niemowlat-i-dzieci-roz,200,False,CANPOL 9/814 - Zestaw pielęgnacyjny – mamapack,
https://mamapack.pl/products/canpol-kolekcja-goose-zestaw-3m-4-elementow,canpol-kolekcja-goose-zestaw-3m-4-elementow,200,False,CANPOL - Kolekcja Goose - zestaw 3m+ (4 elementów) – mamapack,
https://mamapack.pl/products/canpol-zestaw-wyprawkowy-do-szpitala,canpol-zestaw-wyprawkowy-do-szpitala,200,False,CANPOL - Zestaw Wyprawkowy do szpitala - 5 produktów – mamapack,
https://mamapack.pl/products/canpol24-201-butelka-antykolkowa-s-shape-szeroka-pp-200-ml-0m,canpol24-201-butelka-antykolkowa-s-shape-szeroka-pp-200-ml-0m,200,False,canpol24/201 - Butelka antykolkowa – mamapack,
https://mamapack.pl/products/chicco-00002256400000-krem-na-brodawki-30-ml,chicco-00002256400000-krem-na-brodawki-30-ml,200,False,CHICCO 00002256400000 - Krem na brodawki - (30 ml) – mamapack,
https://mamapack.pl/products/chicco-00006569100000-szczotka-grzebien-naturalne-wlosie-roz,chicco-00006569100000-szczotka-grzebien-naturalne-wlosie-roz,200,False,CHICCO 00006569100000 - Szczotka+grzebień – mamapack,
https://mamapack.pl/products/chicco-00006569200000-szczotka-grzebien-naturalne-wlosie-niebieska,chicco-00006569200000-szczotka-grzebien-naturalne-wlosie-niebieska,200,False,CHICCO 00006569200000 - Szczotka+grzebień – mamapack,
https://mamapack.pl/products/chicco-00010242000000-oliwka-do-masazu-200ml-0m,chicco-00010242000000-oliwka-do-masazu-200ml-0m,200,False,CHICCO - Oliwka do masażu 0m+ (200ml) – mamapack,
https://mamapack.pl/products/chicco-00010580000000-plyn-do-kapieli-protection-500ml-0m,chicco-00010580000000-plyn-do-kapieli-protection-500ml-0m,200,False,CHICCO 00010580000000 - Płyn do kąpieli protection 0m+ – mamapack,
https://mamapack.pl/products/chicco-00061779000000-wkladki-laktacyjne-30-szt,chicco-00061779000000-wkladki-laktacyjne-30-szt,200,False,CHICCO 00061779000000 - Wkładki laktacyjne - 30 szt – mamapack,
https://mamapack.pl/products/chicco-00081311300000-butelka-nf-plastikowa-0m-150-ml-neutralna,chicco-00081311300000-butelka-nf-plastikowa-0m-150-ml-neutralna,200,False,CHICCO 00081311300000 - Butelka Nf – mamapack,
https://mamapack.pl/products/chicco-916310-chusteczki-pielegnacyjne-72szt-0m,chicco-916310-chusteczki-pielegnacyjne-72szt-0m,200,False,CHICCO - Chusteczki Pielęgnacyjne - 72 szt. 0m+ – mamapack,
https://mamapack.pl/products/chicco-916500-chusteczki-do-pielegnacji-piersi-16szt,chicco-916500-chusteczki-do-pielegnacji-piersi-16szt,200,False,CHICCO- Chusteczki Do Pielęgnacji Piersi 16szt – mamapack,
https://mamapack.pl/products/chicco-916600-chusteczki-do-pielegnacji-piersi-72szt,chicco-916600-chusteczki-do-pielegnacji-piersi-72szt,200,False,CHICCO- Chusteczki Do Pielęgnacji Piersi 72szt – mamapack,
https://mamapack.pl/products/chicco-termometr-elektroniczny-digi-baby-mix-kolorow,chicco-termometr-elektroniczny-digi-baby-mix-kolorow,200,False,CHICCO - Termometr elektroniczny - Digi Baby – mamapack,
https://mamapack.pl/products/chusteczki-dezynfekcyjne-nasaczone-alkoholem-70-apteo-30-x-30-mm-5-szt,chusteczki-dezynfekcyjne-nasaczone-alkoholem-70-apteo-30-x-30-mm-5-szt,200,False,Chusteczki dezynfekcyjne nasączone alkoholem 70% – mamapack,
https://mamapack.pl/products/doctor-nap-szlafrok-damski-suwak,doctor-nap-szlafrok-damski-suwak,200,False,Doctor Nap szlafrok damski suwak – mamapack,
https://mamapack.pl/products/dr-browns-sb2100-butelka-standard-60ml-options,dr-browns-sb2100-butelka-standard-60ml-options,200,False,Dr.Browns sb2100 - Butelka standard - (60ml) - Options – mamapack,
https://mamapack.pl/products/drewniany-organizer-dzieciecy-oh-baby-z-drazkiem,drewniany-organizer-dzieciecy-oh-baby-z-drazkiem,200,False,Drewniany Organizer dziecięcy - Oh Baby - z drążkiem – mamapack,
https://mamapack.pl/products/duet-baby-547-okrycie-kapielowe-z-kapturkiem-kocyk-dla-niemowlat,duet-baby-547-okrycie-kapielowe-z-kapturkiem-kocyk-dla-niemowlat,200,False,Duet Baby 547 - Okrycie Kąpielowe z kapturkiem + – mamapack,
https://mamapack.pl/products/fara-pielucha-tetra-druk-70x80-mix-kolorow,fara-pielucha-tetra-druk-70x80-mix-kolorow,200,False,Pieluszka tetrowa - Druk - (70x80) - mix kolorów – mamapack,
https://mamapack.pl/products/fara-pieluszka-tetrowa-70x80-biala,fara-pieluszka-tetrowa-70x80-biala,200,False,Pieluszka tetrowa - Biała - (70x80) - 1 szt – mamapack,
https://mamapack.pl/products/gumki-do-wlosow-elastyczne,gumki-do-wlosow-elastyczne,200,False,Gumki do włosów elastyczne 3 szt – mamapack,
https://mamapack.pl/products/horizon-majtki-poporodowe-siatka-38-40-a-2szt,horizon-majtki-poporodowe-siatka-38-40-a-2szt,200,False,Horizon-Majtki Poporodowe Siatka 2 szt – mamapack,
https://mamapack.pl/products/huggies-extra-care-pieluszki-jednorazowe-1-25-kg,huggies-extra-care-pieluszki-jednorazowe-1-25-kg,200,False,Huggies Extra Care – Pieluszki - Rozmiar 1 - - 26 szt – mamapack,
https://mamapack.pl/products/jednorazowe-nakladki-na-toalete-biodegradowalne-podkladki-6-szt-copy,jednorazowe-nakladki-na-toalete-biodegradowalne-podkladki-6-szt-copy,200,True,Jednorazowe nakładki na toaletę - Biodegradowalne – mamapack,
https://mamapack.pl/products/jednorazowe-nakladki-na-toalete-biodegradowalne-podkladki-8-szt,jednorazowe-nakladki-na-toalete-biodegradowalne-podkladki-8-szt,200,True,Intervion nak?adki na toalet? biodegradowalne 6 szt. – mamapack,
https://mamapack.pl/products/kindii-chusteczki-a-60szt-pure-water-99-har02dz04,kindii-chusteczki-a-60szt-pure-water-99-har02dz04,200,False,Kindii - Pure Water 99% - Chusteczki Wodne 60 szt – mamapack,
https://mamapack.pl/products/kindii-patyczki-a-60szt-pudelko-pure,kindii-patyczki-a-60szt-pudelko-pure,200,False,Kindii Pure kin000017 - Patyczki dla niemowląt 60 szt – mamapack,
https://mamapack.pl/products/kindii-platki-baby-a-60szt-12863,kindii-platki-baby-a-60szt-12863,200,False,Kindii Pure - Płatki Bawełniane Kosmetyczne Dla – mamapack,
https://mamapack.pl/products/klapki-damskie-bialy,klapki-damskie-bialy,200,False,Klapki damskie - Biały – mamapack,
https://mamapack.pl/products/klapki-damskie-brazowy,klapki-damskie-brazowy,200,False,Klapki damskie – Brązowy – mamapack,
https://mamapack.pl/products/klapki-damskie-rozowy,klapki-damskie-rozowy,200,False,Klapki damskie - Różowy – mamapack,
https://mamapack.pl/products/klapki-damskie-zolty,klapki-damskie-zolty,200,False,Klapki damskie - Żółty – mamapack,
https://mamapack.pl/products/kompletny-md,kompletny-md,200,True,Torba do szpitala mama i noworodek - Premium – mamapack,
https://mamapack.pl/products/koszula-do-karmienia-beige-xxl-doctor-nap,koszula-do-karmienia-beige-xxl-doctor-nap,200,False,Koszula do karmienia - (beige) - Doctor Nap – mamapack,
https://mamapack.pl/products/koszula-do-karmienia-dark_grey-xxl-doctor-nap,koszula-do-karmienia-dark_grey-xxl-doctor-nap,200,False,Koszula do karmienia -(dark_grey) -Doctor Nap – mamapack,
https://mamapack.pl/products/koszula-do-karmienia-deep-blue-xl-doctor-nap,koszula-do-karmienia-deep-blue-xl-doctor-nap,200,False,Koszula do karmienia -( Deep Blue) - Doctor Nap – mamapack,
https://mamapack.pl/products/koszula-do-karmienia-graphite-xxl-doctor-nap,koszula-do-karmienia-graphite-xxl-doctor-nap,200,False,Koszula do karmienia -(graphite) - Doctor Nap – mamapack,
https://mamapack.pl/products/koszula-do-karmienia-grey-xxxl-doctor-nap,koszula-do-karmienia-grey-xxxl-doctor-nap,200,False,Koszula do karmienia -(grey) - Doctor Nap – mamapack,
https://mamapack.pl/products/koszula-do-karmienia-rozowy-xl-doctor-nap,koszula-do-karmienia-rozowy-xl-doctor-nap,200,False,Koszula do karmienia -( różowy) - Doctor Nap – mamapack,
https://mamapack.pl/products/koszula-do-karmienia-sweet_pink-xl-doctor-nap,koszula-do-karmienia-sweet_pink-xl-doctor-nap,200,False,Koszula do karmienia - (sweet_pink) - Doctor Nap – mamapack,
https://mamapack.pl/products/lansinoh-butelka-do-karmienia-szklana-160ml,lansinoh-butelka-do-karmienia-szklana-160ml,200,False,Lansinoh - Butelka do karmienia - Szklana ze smoczkiem – mamapack,
https://mamapack.pl/products/lansinoh-lanolina-40-ml,lansinoh-lanolina-40-ml,200,False,Lansinoh - Lanolina Hpa - krem na brodawki sutkowe – mamapack,
https://mamapack.pl/products/lansinoh-oslonki-laktacyjne-nipple-shields-24mm,lansinoh-oslonki-laktacyjne-nipple-shields-24mm,200,False,Lansinoh - Osłonki laktacyjne Nipple Shields – mamapack,
https://mamapack.pl/products/lansinoh-pericare-wkladki-zelowe-poporodowe-therapearl,lansinoh-pericare-wkladki-zelowe-poporodowe-therapearl,200,False,Lansinoh Pericare - Wkładki Żelowe poporodowe – mamapack,
https://mamapack.pl/products/lansinoh-wkladki-laktacyjne-jednorazowe-60-szt,lansinoh-wkladki-laktacyjne-jednorazowe-60-szt,200,False,Lansinoh - Wkładki laktacyjne jednorazowe - 60 szt – mamapack,
https://mamapack.pl/products/linomag-balsam-dla-dzieci-i-niemowlat-200ml,linomag-balsam-dla-dzieci-i-niemowlat-200ml,200,False,Linomag - Balsam - dla dzieci i niemowląt - (200ml) – mamapack,
https://mamapack.pl/products/linomag-krem-bobo-a-e-50ml,linomag-krem-bobo-a-e-50ml,200,False,Linomag - Krem Bobo A+e - (50ml) – mamapack,
https://mamapack.pl/products/linomag-krem-z-tlenkiem-cynku-50-ml-k014,linomag-krem-z-tlenkiem-cynku-50-ml-k014,200,False,Linomag - Krem z tlenkiem Cynku - (50 Ml) – mamapack,
https://mamapack.pl/products/linomag-puder-100g-hig-kosm-dla-dzieci-i-niemowlat-k056,linomag-puder-100g-hig-kosm-dla-dzieci-i-niemowlat-k056,200,False,Linomag - Puder dla dzieci i niemowląt - (100g) – mamapack,
https://mamapack.pl/products/linomag-zel-do-mycia-ciala-i-glowy-dla-dzieci-i-niemowlat-200-ml-k035,linomag-zel-do-mycia-ciala-i-glowy-dla-dzieci-i-niemowlat-200-ml-k035,200,False,Linomag - Żel do mycia ciała i głowy – mamapack,
https://mamapack.pl/products/lovi-22-905-smoczek-silikonowy-dynamiczny-0-3m-2-szt-harmony-girl,lovi-22-905-smoczek-silikonowy-dynamiczny-0-3m-2-szt-harmony-girl,200,False,LOVI 22/905 - Smoczek silikonowy dynamiczny 2 szt – mamapack,
https://mamapack.pl/products/lovi-5-606-silikonowe-oslonki-piersi-skin-touch-2-szt-m-l,lovi-5-606-silikonowe-oslonki-piersi-skin-touch-2-szt-m-l,200,False,LOVI 5/605(606) - Silikonowe osłonki piersi Skin – mamapack,
https://mamapack.pl/products/luba-tuli-chusteczki-nawilzane-dla-dzieci-z-aloesem-60-szt,luba-tuli-chusteczki-nawilzane-dla-dzieci-z-aloesem-60-szt,200,False,Luba Tuli - chusteczki nawilżane dla dzieci – mamapack,
https://mamapack.pl/products/me-figi-l-bialy,me-figi-l-bialy,200,False,Majtki ciążowe MEDELA - Rozmiar L – mamapack,
https://mamapack.pl/products/medela-101041323-purelan-masc-lanolinowa-7g,medela-101041323-purelan-masc-lanolinowa-7g,200,False,MEDELA 101041323 - Purelan maść Lanolinowa- (7g) – mamapack,
https://mamapack.pl/products/nakladka-sedesowa-jednorazowa-1-szt,nakladka-sedesowa-jednorazowa-1-szt,200,False,Nakładka sedesowa jednorazowa - 1 szt – mamapack,
https://mamapack.pl/products/nivea-baby-80512-zel-2w1-do-mycia-ciala-i-wlosow-z-dozownikiem-500-ml,nivea-baby-80512-zel-2w1-do-mycia-ciala-i-wlosow-z-dozownikiem-500-ml,200,False,Nivea Baby (80512) - Żel 2w1 do mycia ciała i włosów – mamapack,
https://mamapack.pl/products/nivea-baby-80529-krem-pielegnacyjny-do-twarzy-i-ciala-200-ml,nivea-baby-80529-krem-pielegnacyjny-do-twarzy-i-ciala-200-ml,200,False,Nivea Baby - Krem Pielęgnacyjny - do twarzy i ciała – mamapack,
https://mamapack.pl/products/nivea-baby-80538-moj-pierwszy-krem-75-ml,nivea-baby-80538-moj-pierwszy-krem-75-ml,200,False,Nivea Baby - Mój pierwszy Krem - (75 ml) – mamapack,
https://mamapack.pl/products/nivea-baby-80571-chusteczki-toddies-a57,nivea-baby-80571-chusteczki-toddies-a57,200,False,Nivea Baby Toddies - Chusteczki nawilżane dla dzieci – mamapack,
https://mamapack.pl/products/nivea-baby-80590-oliwka-pielegnacyjna-200-ml,nivea-baby-80590-oliwka-pielegnacyjna-200-ml,200,False,Nivea Baby (80590) - Oliwka pielęgnacyjna - (200 ml) – mamapack,
https://mamapack.pl/products/nuk-252137-wkladki-laktacyjne-high-peformence-8szt,nuk-252137-wkladki-laktacyjne-high-peformence-8szt,200,False,Nuk 252137 - Wkładki laktacyjne High Peformence – mamapack,
https://mamapack.pl/products/odzywka-z-keratyna-kondycjonujaca-kozie-mleko-ziaja-200-ml,odzywka-z-keratyna-kondycjonujaca-kozie-mleko-ziaja-200-ml,200,False,Odżywka z keratyną - Kozie Mleko - Ziaja – mamapack,
https://mamapack.pl/products/ola-baby-chusteczki-nawilzane-z-alantoli-na-a-72szt,ola-baby-chusteczki-nawilzane-z-alantoli-na-a-72szt,200,False,Ola Baby - Chusteczki nawilżane z alantoiną - 72 szt – mamapack,
https://mamapack.pl/products/organizer-akcesoria-niemowlece-w-stylu-boho,organizer-akcesoria-niemowlece-w-stylu-boho,200,False,Organizer na akcesoria niemowlęce - w stylu Boho – mamapack,
https://mamapack.pl/products/organizer-na-pieluchy-i-akcesoria-pleciony-3-przegrody-uchwyty,organizer-na-pieluchy-i-akcesoria-pleciony-3-przegrody-uchwyty,200,False,Organizer na pieluchy i akcesoria - Pleciony- 3 – mamapack,
https://mamapack.pl/products/organizer-na-pieluchy-i-akcesoria-z-misiem-37-5-25-18-cm,organizer-na-pieluchy-i-akcesoria-z-misiem-37-5-25-18-cm,200,False,Organizer na pieluchy i akcesoria - z misiem – mamapack,
https://mamapack.pl/products/pielucha-flanela-70x80-jednokolorowa,pielucha-flanela-70x80-jednokolorowa,200,False,Fara - Pielucha Flanelowa - Jednokolorowa - (70x80cm) – mamapack,
https://mamapack.pl/products/pieluszka-muslinowa-ulewajka-38x38-cm-100-bawelna,pieluszka-muslinowa-ulewajka-38x38-cm-100-bawelna,200,False,Pieluszka muślinowa - ulewajka – mamapack,
https://mamapack.pl/products/pieluszka-wielorazowa-ega-ch-622-biala-1-szt,pieluszka-wielorazowa-ega-ch-622-biala-1-szt,200,False,Pieluszka tetrowa wielorazowa - Biała - - 1 szt – mamapack,
https://mamapack.pl/products/pikowana-torba-dla-mamy-i-niemowlecia-z-kieszeniami-mleczna-w-kwiaty,pikowana-torba-dla-mamy-i-niemowlecia-z-kieszeniami-mleczna-w-kwiaty,200,False,Pikowana torba dla mamy i niemowlęcia - mleczna w kwiaty – mamapack,
https://mamapack.pl/products/pikowana-torba-do-szpitala,pikowana-torba-do-szpitala,200,False,Pikowana Torba do szpitala z Tulipanami - Rozmiar: L – mamapack,
https://mamapack.pl/products/pikowana-torba-do-szpitala-motywem-gwiazdek-ksiezyca-l,pikowana-torba-do-szpitala-motywem-gwiazdek-ksiezyca-l,200,False,Pikowana Torba do szpitala z Motywem Gwiazdek I – mamapack,
https://mamapack.pl/products/pikowana-torba-do-szpitala-z-haftem-galazek-oliwnych-rozmiar-l,pikowana-torba-do-szpitala-z-haftem-galazek-oliwnych-rozmiar-l,200,False,Pikowana Torba do szpitala z haftem gałązek Oliwnych – mamapack,
https://mamapack.pl/products/pikowana-torba-do-szpitala-z-niedzwiedziem,pikowana-torba-do-szpitala-z-niedzwiedziem,200,True,Pikowana Torba do szpitala z Niedźwiedziem - Rozmiar – mamapack,
https://mamapack.pl/products/pikowana-torba-do-szpitala-z-niedzwiedziem-rozmiar-m,pikowana-torba-do-szpitala-z-niedzwiedziem-rozmiar-m,200,True,Pikowana torba do szpitala z niedźwiedziem M – mamapack,
https://mamapack.pl/products/pikowana-torba-do-szpitala-z-tulipanami-rozmiar-m,pikowana-torba-do-szpitala-z-tulipanami-rozmiar-m,200,False,Pikowana Torba do szpitala z Tulipanami - Rozmiar: M – mamapack,
https://mamapack.pl/products/pikowana-torba-mamy-niemowlecia-mleczna-motywem-misiow,pikowana-torba-mamy-niemowlecia-mleczna-motywem-misiow,200,False,Pikowana Torba dla mamy i niemowlęcia – mleczna Z – mamapack,
https://mamapack.pl/products/rozek-niemowlecy-mix-standard-80x80-cm-dwustronny-bawelna,rozek-niemowlecy-mix-standard-80x80-cm-dwustronny-bawelna,200,False,Rożek niemowlęcy Mix - standard 80x80 cm – mamapack,
https://mamapack.pl/products/rozek-niemowlecy-muslinowy-75-x-cm-kokarda-bawelna,rozek-niemowlecy-muslinowy-75-x-cm-kokarda-bawelna,200,False,Rożek niemowlęcy Muślinowy - 75x75 cm – mamapack,
https://mamapack.pl/products/rozek-niemowlecy-standard-75x75-cm-miminu-design-kotki-bawelna-100,rozek-niemowlecy-standard-75x75-cm-miminu-design-kotki-bawelna-100,200,True,Rożek niemowlęcy - standard 75x75 cm - - bawełna 100% – mamapack,
https://mamapack.pl/products/rozek-niemowlecy-standard-75x75-cm-miminu-design-little-ballerina-bawelna-100,rozek-niemowlecy-standard-75x75-cm-miminu-design-little-ballerina-bawelna-100,200,True,Ro?ek niemowl?cy 75x75 Little Ballerina – mamapack,
https://mamapack.pl/products/rozek-niemowlecy-standard-75x75-cm-miminu-design-misie-blekit-bawelna-100,rozek-niemowlecy-standard-75x75-cm-miminu-design-misie-blekit-bawelna-100,200,True,Rożek niemowlęcy - standard 75x75 cm - - bawełna 100% – mamapack,
https://mamapack.pl/products/rozek-niemowlecy-standard-80x80-cm-becik-otulacz-dwustronny-bawelna,rozek-niemowlecy-standard-80x80-cm-becik-otulacz-dwustronny-bawelna,200,True,Ro?ek niemowl?cy 80x80 dwustronny bawe?na – mamapack,
https://mamapack.pl/products/rozek-niemowlecy-standard-80x80-cm-na-rzep-bawelna-100-dla-chlopca,rozek-niemowlecy-standard-80x80-cm-na-rzep-bawelna-100-dla-chlopca,200,True,Rożek niemowlęcy 80x80 na rzep dla chłopca – mamapack,
https://mamapack.pl/products/rozek-niemowlecy-standard-80x80-cm-na-rzep-bawelna-100-dla-dziewczynki,rozek-niemowlecy-standard-80x80-cm-na-rzep-bawelna-100-dla-dziewczynki,200,True,Rożek niemowlęcy - standard 80x80 cm – mamapack,
https://mamapack.pl/products/rozek-niemowlecy-standard-80x80-cm-na-rzep-bawelna-100-szary-w-gwiazdki,rozek-niemowlecy-standard-80x80-cm-na-rzep-bawelna-100-szary-w-gwiazdki,200,True,Rożek niemowlęcy - standard 80x80 cm – mamapack,
https://mamapack.pl/products/rozek-niemowlecy-teddy-standard-80x80-cm-dwustronny-bawelna,rozek-niemowlecy-teddy-standard-80x80-cm-dwustronny-bawelna,200,False,Rożek niemowlęcy Teddy - standard 80x80 cm – mamapack,
https://mamapack.pl/products/roztwor-fizjologiczny-inhalacja-soli-5-ampulek,roztwor-fizjologiczny-inhalacja-soli-5-ampulek,200,False,Roztwór Fizjologiczny - INhalacja soli - 5 Ampułek – mamapack,
https://mamapack.pl/products/skarb-matki-femina-pianka-do-higieny-int-ymnej-250ml,skarb-matki-femina-pianka-do-higieny-int-ymnej-250ml,200,False,Skarb Matki-Femina - Pianka do Higieny Intymnej – mamapack,
https://mamapack.pl/products/skarb-matki-oliwka-pielegnacyjna-w-zelu-125-m-z-witamina-e,skarb-matki-oliwka-pielegnacyjna-w-zelu-125-m-z-witamina-e,200,False,Skarb Matki- Oliwka Pielęgnacyjna - w żelu z witaminą – mamapack,
https://mamapack.pl/products/skarb-matki-pielegnacyjny-krem-ochronny-dla-niemowlat-i-dzieci-75ml,skarb-matki-pielegnacyjny-krem-ochronny-dla-niemowlat-i-dzieci-75ml,200,False,Skarb Matki - Pielęgnacyjny Krem Ochronny – mamapack,
https://mamapack.pl/products/skarb-matki-pomadka-ochronna-dla-dzieci-o-smaku-kokosa-i-wanilii,skarb-matki-pomadka-ochronna-dla-dzieci-o-smaku-kokosa-i-wanilii,200,True,"Skarb Matki pomadka kokos i wanilia 6,5 g – mamapack",
https://mamapack.pl/products/skarb-matki-pomadka-ochronna-dla-dzieci-smak-malinowy,skarb-matki-pomadka-ochronna-dla-dzieci-smak-malinowy,200,True,"Skarb Matki pomadka malinowa 6,5 g – mamapack",
https://mamapack.pl/products/skarb-matki-puder-dla-niemowlat-i-dzieci-120g,skarb-matki-puder-dla-niemowlat-i-dzieci-120g,200,False,Skarb Matki - Puder - dla niemowląt i dzieci - 120g – mamapack,
https://mamapack.pl/products/skarpetki-niemowlece-z-misiami-0-3-m,skarpetki-niemowlece-z-misiami-0-3-m,200,False,Skarpetki niemowlęce - z misiami - (0–3 m) – mamapack,
https://mamapack.pl/products/skarpety-damskie-cosmos-best-mom-doctor-nap,skarpety-damskie-cosmos-best-mom-doctor-nap,200,False,Skarpety damskie (cosmos) Best Mom - Doctor Nap – mamapack,
https://mamapack.pl/products/skarpety-damskie-grey-swan-doctor-nap,skarpety-damskie-grey-swan-doctor-nap,200,False,Skarpety damskie (grey Swan) - Doctor Nap – mamapack,
https://mamapack.pl/products/smoczek-uspokajajacy-0-6m-symetryczny-okragly-rozowy,smoczek-uspokajajacy-0-6m-symetryczny-okragly-rozowy,200,True,Canpol 22/580 smoczek symetryczny 0m+ różowy – mamapack,
https://mamapack.pl/products/szampon-i-zel-do-kapieli-2w1-bebble-200ml,szampon-i-zel-do-kapieli-2w1-bebble-200ml,200,False,Bobini Baby - Żel do mycia ciała i włosów dla – mamapack,
https://mamapack.pl/products/szampon-z-keratyna-kozie-mleko-ziaja-400ml,szampon-z-keratyna-kozie-mleko-ziaja-400ml,200,False,Szampon z keratyną - Kozie Mleko - Ziaja - 400ml – mamapack,
https://mamapack.pl/products/szlafrok-damski-bambusowy-wiazany-xl-doctor-nap,szlafrok-damski-bambusowy-wiazany-xl-doctor-nap,200,False,Szlafrok damski bambusowy wiązany - Doctor Nap – mamapack,
https://mamapack.pl/products/szlafrok-damski-z-delikatnego-muslinu-l-wiazany-doctor-nap,szlafrok-damski-z-delikatnego-muslinu-l-wiazany-doctor-nap,200,False,Szlafrok Damski z delikatnego muślinu - Doctor Nap – mamapack,
https://mamapack.pl/products/tcb-9504-koszula-do-karmienia-xl-grey-doctor-nap,tcb-9504-koszula-do-karmienia-xl-grey-doctor-nap,200,False,tcb.9504 - Koszula do karmienia - (grey) - Doctor Nap – mamapack,
https://mamapack.pl/products/tcb-9505-koszula-do-karmienia-l-graphite-doctor-nap,tcb-9505-koszula-do-karmienia-l-graphite-doctor-nap,200,False,tcb.9505 - Koszula do karmienia - L - - Doctor Nap – mamapack,
https://mamapack.pl/products/tcb-9505-koszula-do-karmienia-xxl-pink-doctor-nap,tcb-9505-koszula-do-karmienia-xxl-pink-doctor-nap,200,False,tcb.9505 - Koszula do karmienia - Xxl - - Doctor Nap – mamapack,
https://mamapack.pl/products/teczka-na-dokumenty-rozmiar-a4-mix-kolorow,teczka-na-dokumenty-rozmiar-a4-mix-kolorow,200,False,Teczka na dokumenty - rozmiar a4 - (mix kolorów) – mamapack,
https://mamapack.pl/products/tega-baby-wanienka-monsters-z-odplywem-102-cm,tega-baby-wanienka-monsters-z-odplywem-102-cm,200,False,Tega Baby Wanienka Monsters z odpływem 102 cm – mamapack,
https://mamapack.pl/products/tega-baby-wanienka-monsters-z-odplywem-86-cm,tega-baby-wanienka-monsters-z-odplywem-86-cm,200,False,Tega Baby Wanienka Monsters z odpływem 86 cm – mamapack,
https://mamapack.pl/products/tega-baby-wanienka-skladana-z-odplywem-standard,tega-baby-wanienka-skladana-z-odplywem-standard,200,False,Tega Baby Wanienka składana z odpływem standard – mamapack,
https://mamapack.pl/products/tega-baby-wanna-dziecieca-dziki-zachod-102-cm,tega-baby-wanna-dziecieca-dziki-zachod-102-cm,200,False,Tega Baby Wanna dziecięca Dziki Zachód 102 cm – mamapack,
https://mamapack.pl/products/tega-baby-wanna-dziecieca-dziki-zachod-86-cm,tega-baby-wanna-dziecieca-dziki-zachod-86-cm,200,False,Tega Baby Wanna dziecięca Dziki Zachód 86 cm – mamapack,
https://mamapack.pl/products/tega-baby-wanna-dziecieca-dziki-zachod-z-odplywem-86-cm,tega-baby-wanna-dziecieca-dziki-zachod-z-odplywem-86-cm,200,False,Tega Baby Wanna dziecięca Dziki Zachód z odpływem 86 cm – mamapack,
https://mamapack.pl/products/tega-baby-wanna-dziecieca-kaczka-102-cm,tega-baby-wanna-dziecieca-kaczka-102-cm,200,False,Tega Baby Wanna dziecięca Kaczka 102 cm – mamapack,
https://mamapack.pl/products/tega-baby-wanna-dziecieca-kaczka-86-cm,tega-baby-wanna-dziecieca-kaczka-86-cm,200,False,Tega Baby Wanna dziecięca Kaczka 86 cm – mamapack,
https://mamapack.pl/products/tega-baby-wanna-dziecieca-kroliczki-z-odplywem-102-cm,tega-baby-wanna-dziecieca-kroliczki-z-odplywem-102-cm,200,False,Tega Baby Wanna dziecięca Króliczki z odpływem 102 cm – mamapack,
https://mamapack.pl/products/tega-baby-wanna-dziecieca-kroliczki-z-odplywem-86-cm,tega-baby-wanna-dziecieca-kroliczki-z-odplywem-86-cm,200,False,Tega Baby Wanna dziecięca Króliczki z odpływem 86 cm – mamapack,
https://mamapack.pl/products/tega-baby-wanna-dziecieca-lesna-opowiesc-102-cm,tega-baby-wanna-dziecieca-lesna-opowiesc-102-cm,200,False,Tega Baby Wanna dziecięca Leśna Opowieść 102 cm – mamapack,
https://mamapack.pl/products/tega-baby-wanna-dziecieca-lesna-opowiesc-86-cm,tega-baby-wanna-dziecieca-lesna-opowiesc-86-cm,200,False,Tega Baby Wanna dziecięca Leśna Opowieść 86 cm – mamapack,
https://mamapack.pl/products/tega-baby-wanna-dziecieca-meteo-z-odplywem-102-cm,tega-baby-wanna-dziecieca-meteo-z-odplywem-102-cm,200,False,Tega Baby Wanna dziecięca Meteo z odpływem 102 cm – mamapack,
https://mamapack.pl/products/tega-baby-wanna-dziecieca-meteo-z-odplywem-86-cm,tega-baby-wanna-dziecieca-meteo-z-odplywem-86-cm,200,False,Tega Baby Wanna dziecięca Meteo z odpływem 86 cm – mamapack,
https://mamapack.pl/products/tega-baby-wanna-dziecieca-mis-102-cm,tega-baby-wanna-dziecieca-mis-102-cm,200,False,Tega Baby Wanna dziecięca Miś 102 cm – mamapack,
https://mamapack.pl/products/tega-baby-wanna-dziecieca-mis-86-cm,tega-baby-wanna-dziecieca-mis-86-cm,200,False,Tega Baby Wanna dziecięca Miś 86 cm – mamapack,
https://mamapack.pl/products/torba-bawelna-do-szpitala,torba-bawelna-do-szpitala,200,False,Torba bawełna do szpitala – mamapack,
https://mamapack.pl/products/torba-do-szpitala,torba-do-szpitala,200,False,Torba do szpitala-010 – mamapack,
https://mamapack.pl/products/torba-do-szpitala-01,torba-do-szpitala-01,200,False,Torba do szpitala-01 – mamapack,
https://mamapack.pl/products/torba-do-szpitala-02,torba-do-szpitala-02,200,False,Torba do szpitala-02 – mamapack,
https://mamapack.pl/products/torba-do-szpitala-dla-noworodka-gotowa-wyprawka-premium,torba-do-szpitala-dla-noworodka-gotowa-wyprawka-premium,200,False,Torba do szpitala dla noworodka - wyprawka Podstawowa – mamapack,
https://mamapack.pl/products/torba-do-szpitala-mamy-gotowa-wyprawka-kompletna,torba-do-szpitala-mamy-gotowa-wyprawka-kompletna,200,False,Torba do szpitala dla Mamy – gotowa wyprawka Kompletna – mamapack,
https://mamapack.pl/products/torba-do-szpitala-mamy-gotowa-wyprawka-podstawowa,torba-do-szpitala-mamy-gotowa-wyprawka-podstawowa,200,False,Torba do szpitala dla Mamy – wyprawka Podstawowa – mamapack,
https://mamapack.pl/products/torba-do-szpitala-mamy-gotowa-wyprawka-premium,torba-do-szpitala-mamy-gotowa-wyprawka-premium,200,False,Torba do szpitala dla Mamy – gotowa wyprawka Premium – mamapack,
https://mamapack.pl/products/torba-do-szpitala-mamy-gotowa-wyprawka-rozszerzona,torba-do-szpitala-mamy-gotowa-wyprawka-rozszerzona,200,False,Torba do szpitala dla Mamy – wyprawka Rozszerzona – mamapack,
https://mamapack.pl/products/torba-do-szpitala-mamy-noworodka-gotowa-wyprawka-kompletna,torba-do-szpitala-mamy-noworodka-gotowa-wyprawka-kompletna,200,True,Torba do szpitala mama i noworodek - Kompletna – mamapack,
https://mamapack.pl/products/torba-do-szpitala-mamy-noworodka-gotowa-wyprawka-podstawowa,torba-do-szpitala-mamy-noworodka-gotowa-wyprawka-podstawowa,200,True,Torba do szpitala mama i noworodek - Podstawowa – mamapack,
https://mamapack.pl/products/torba-do-szpitala-mamy-noworodka-gotowa-wyprawka-rozszerzona,torba-do-szpitala-mamy-noworodka-gotowa-wyprawka-rozszerzona,200,True,Torba do szpitala dla Mamy I Noworodka – gotowa – mamapack,
https://mamapack.pl/products/torba-do-szpitala-maniy-z-dolna-komora,torba-do-szpitala-maniy-z-dolna-komora,200,False,Torba do szpitala M.A.N.I.Y z dolną komorą | MamaPack – mamapack,
https://mamapack.pl/products/torba-do-szpitala-noworodka-gotowa-wyprawka-kompletna,torba-do-szpitala-noworodka-gotowa-wyprawka-kompletna,200,False,Torba do szpitala dla noworodka - wyprawka Kompletna – mamapack,
https://mamapack.pl/products/torba-do-szpitala-noworodka-gotowa-wyprawka-premium,torba-do-szpitala-noworodka-gotowa-wyprawka-premium,200,False,Torba do szpitala dla noworodka - wyprawka Premium – mamapack,
https://mamapack.pl/products/torba-do-szpitala-noworodka-gotowa-wyprawka-rozszerzona,torba-do-szpitala-noworodka-gotowa-wyprawka-rozszerzona,200,False,Torba do szpitala dla noworodka - wyprawka Rozszerzona – mamapack,
https://mamapack.pl/products/zestaw-plastikowych-butelek-na-produkty-higieniczne-9-szt,zestaw-plastikowych-butelek-na-produkty-higieniczne-9-szt,200,False,Zestaw plastikowych butelek na produkty higieniczne 9 – mamapack,
https://mamapack.pl/products/zestaw-wyprawkowy-mountains-yellow-pielegnacja-i-karmienie,zestaw-wyprawkowy-mountains-yellow-pielegnacja-i-karmienie,200,False,Zestaw Wyprawkowy Mountains Yellow – (4 elementów) – mamapack,
https://mamapack.pl/products/ziaja-antyperspirant,ziaja-antyperspirant,200,False,Ziaja - antyperspirant – mamapack,
https://mamapack.pl/products/ziaja-plyn-do-higieny-intymnej-mamma-mia-300-ml,ziaja-plyn-do-higieny-intymnej-mamma-mia-300-ml,200,False,Ziaja - Płyn do higieny intymnej - Mamma Mia - 300 ml – mamapack,
https://mamapack.pl/products/ziajka-krem-do-pielegnacji-dzieci-i-niemowlat,ziajka-krem-do-pielegnacji-dzieci-i-niemowlat,200,False,Ziajka - krem do pielęgnacji dzieci i niemowląt – mamapack,
https://mamapack.pl/products/ziajka-masc-na-posladki-przeciw-odparzeniom-50-ml,ziajka-masc-na-posladki-przeciw-odparzeniom-50-ml,200,False,Ziajka - maść na pośladki przeciw odparzeniom - 50 ml – mamapack,
